Movie Title,Year,Genre,Gross,Production Budget,ROI,,,,,,,,,,,,,,,,,,,,,,,,,,,,,,,,,,,,,,,,,,,,
5th Element,1997,Action,63820180,95000000,-0.630514747368421,-0.419832,0.617458,1.268241,1.927753,-0.1754579,0.1987897,-0.179646,0.8320329,-0.2824998,0.5082472,0.3199323,0.9929899,0.3399263,-0.3992016,0.763764,0.1760893,0.6732076,0.04494584,0.6617231,0.3839839,0.3578462,-0.7014685,-1.81163,1.23198,-0.8239208,1.037112,0.2416249,0.5033888,0.03494578,0.3252119,0.2282954,-0.01161637,0.3594096,0.1900441,0.186972,0.2472944,0.3599525,-0.5838909,0.2302128,0.5752407,-0.01731587,0.2392327,0.2528381,0.6014338
Ace Ventura Pet Detective,1994,Comedy,72217396,15000000,1.64797118666667,-0.01394219,-0.4270173,0.4459395,-0.6748395,0.3044723,-0.02492575,-0.549741,0.654001,0.2286405,-0.3259418,0.4633101,0.6322095,-0.08528814,0.6819167,0.1130421,0.4319543,-0.1838985,0.7722884,-0.2825716,0.5535484,-0.131959,0.9049135,-0.5515719,0.02771678,-0.4077333,-0.7209799,0.4839545,-0.02967648,-0.1188426,0.9699218,-1.513429,1.050233,0.7260267,-0.0316489,0.2633875,-0.330116,0.2996545,-0.3735864,-1.434151,0.9937393,-1.485732,0.3340662,0.02494318,-0.3849282
American Gangster,2007,Thriller,130164645,100000000,-0.2840944525,0.1911888,0.8634227,-0.3798909,-0.6295384,-0.398721,0.4812111,-0.7647579,0.02599521,0.5013985,-0.5692326,-0.1604883,-0.05163111,-0.5214465,0.05639375,0.1718635,0.2237104,-0.5526253,0.1683294,-0.2702324,-2.124482,0.3867711,0.2928834,-1.367146,0.02960445,0.03247482,0.250416,-0.3747537,0.481757,-0.6784499,0.7928935,-0.7738677,1.070468,-0.7245392,0.03702165,-0.9830361,-0.04925441,0.04083933,-0.4987005,0.4755073,-1.120442,-0.03228064,-0.02757363,-0.7225574,-0.2099796
Assassins,1995,Action,30303072,50000000,-0.666666208,0.0265878,-0.1740246,0.9511578,-2.165663,-0.5939225,-0.3399386,-0.7455686,0.3117877,-1.344,0.4197103,-1.139625,1.900449,-0.6934372,0.2460143,-0.007466795,1.111371,-0.09717745,0.2579214,-0.05015967,0.2941695,-0.1903144,1.897443,-1.266828,1.159235,-0.03844631,-0.2415558,0.2555791,0.3206982,0.03416583,0.303982,-0.5827108,0.3557506,-0.04249436,-0.06732436,-0.004178712,-0.4718589,0.4770889,-0.360809,0.3652031,-0.5850862,0.685177,-0.4882664,0.2561411,-0.5139602
AWalk to Remember,2002,Drama,41281092,11800000,0.924118694915254,0.1408702,0.505074,2.641346,0.03400029,0.2672467,-0.1282589,-0.4466697,0.4069329,-0.906362,0.5348784,-1.605883,0.5953302,-0.3453931,0.1197786,-0.5936458,-0.233244,-0.4807732,-0.2945475,0.09751594,-0.469073,0.2235308,-0.6644945,-0.8083713,0.9145464,0.1020256,0.06483508,-0.4354659,0.2204165,-0.956758,0.1203407,-0.502991,-0.4536017,-0.5238853,-0.7612692,-0.09794013,0.1340931,-0.2250561,-0.2584523,-0.6768308,-0.1479179,-0.2062313,-0.7406516,-0.5764505,0.4409474
Babel,2006,Drama,34302837,20000000,-0.0566719825,0.9370782,-1.185359,-0.9658064,-1.300185,-0.9490087,-1.459097,-1.011076,-1.630571,0.08541134,0.001323598,-1.368416,-1.419287,-1.587058,-1.020564,-1.719232,-0.9707236,-1.281412,-0.7254737,-1.189808,0.7886144,-1.351379,-1.023071,-1.140047,-1.405658,-1.477793,-0.6514807,-1.667637,-0.2308503,0.5112491,-2.003526,-0.6552689,-1.523265,-1.791632,-1.279454,-1.367114,0.2403474,-1.892457,-0.6334271,-1.591379,-0.9301925,-1.247529,-1.205967,-0.4106786,-0.02694361
Batman and Robin,1997,Action,107325195,125000000,-0.527769142,-1.172727,0.3477338,0.3739863,1.558364,0.9640579,1.486455,1.017971,1.216771,0.2695085,1.71388,0.4762336,1.793084,-0.4921887,1.60787,0.4664055,1.744946,0.3137299,1.562962,-0.01064481,0.9906688,0.7766335,1.246913,1.118548,1.058403,1.128688,0.7192154,1.148858,0.8423605,1.497582,0.8752822,1.654586,1.081315,1.440652,0.8502668,1.087605,1.118287,0.8840713,1.833747,2.587918,1.82048,1.221532,2.078742,2.514998,0.6489499
Bones,2001,Drama,7316658,16000000,-0.74848988125,-0.2060162,-0.0200767,0.6102192,-0.3683444,-0.1231944,-0.2168748,-0.10251,0.2278488,0.5628835,-0.07962214,-0.04429939,0.1379896,-0.04777917,0.9677439,-1.317138,-1.011062,1.264263,-1.024115,0.3016617,-0.1847477,-0.5751034,0.467255,0.6151839,0.8994107,0.3971441,0.200372,-0.06906913,0.8093261,-0.8988066,0.4844002,-0.04503561,0.9008882,-0.08106774,0.3494893,0.7398753,0.0931136,0.4455111,0.4406538,-0.5859538,0.6855369,-0.3635173,0.1164113,0.9570369,0.3726233
Bourne Identity,2002,Action,121661683,60000000,0.115232094166667,0.2572208,-0.03743914,0.4725085,-0.7267478,0.04578808,0.09366659,-0.2253998,0.05760705,-1.040692,0.3797853,-0.1028034,-1.266054,0.08067747,-0.6374536,-0.1651307,-0.4993362,0.01781092,-0.803483,-1.01928,-0.327973,-0.04187029,-0.5868362,-0.374293,-0.5640873,-0.08771245,0.3039341,-2.312471,3.032335,-5.365902,-1.172039,0.5976451,-1.444936,-1.239098,-0.1376486,-1.080841,0.1094561,-0.3909109,-0.1815064,-0.1909712,-0.5639406,-0.1241095,-1.00154,-0.7819503,-1.408538
Brazil,1985,Drama,9929135,15000000,-0.635931716666667,-0.003629291,0.3689256,0.04099353,0.4924504,-0.2582327,0.6846114,0.2279255,-0.07722549,-0.233046,0.7089053,-0.2077899,0.2829018,-0.4048721,0.8521732,-0.3398687,-0.09726565,-0.02036991,0.461901,0.8252134,0.05826965,0.007182043,-0.2200051,-0.366789,-0.2993252,-0.06927119,-0.5450184,-0.05303236,-0.9751402,-0.08355425,-0.200564,-0.3030629,0.4816291,-0.3874858,0.02675939,-1.046964,0.7889158,-0.5636686,0.3207165,-0.3801257,0.06711304,-0.1143279,-0.1399906,0.04939375,0.03757851
Bruce Almighty,2003,Comedy,242829261,81000000,0.648840661111111,0.04026319,0.1500207,-0.01460068,0.3566219,0.1601208,-0.7235398,0.2522242,-0.2077006,-0.2491206,-0.6906942,-0.4328849,0.0392833,0.3882121,-0.2824099,0.5083523,-0.1118765,-0.2782919,0.4025399,-0.09445869,0.5480168,-0.0635336,-0.05463272,0.5288304,-0.7093319,0.349007,0.7106793,-0.3033892,1.47562,-1.062769,1.63271,-2.092502,0.2277657,-0.490847,0.09746968,-0.6002124,1.434071,-3.326893,1.417556,-0.7721089,1.658832,-1.838726,0.6246828,-0.2081486,0.1955697
Charlie's Angels,2000,Action,125305545,90000000,-0.234243891666667,0.4794466,-1.426651,-0.1839015,0.06782398,-1.323568,-0.6025912,-0.2452531,-0.2482588,-1.128103,-0.5802142,-0.5961003,-0.8519669,-1.778504,0.05316696,-1.317812,0.2984643,-2.124818,0.557512,-3.376199,4.694786,-1.310827,0.2756657,-0.1739878,-0.7014245,0.7253264,-0.7939171,0.8174503,-0.02622129,-0.6359209,-1.12086,-0.1705263,-0.7669071,0.1808833,-0.1364135,-0.2923959,-0.1305405,-1.008262,0.4335419,-1.651518,0.7568738,-2.815875,-1.151632,-0.3158913,-0.2458881
Collateral Damage,2002,Thriller,40077257,85000000,-0.740676572352941,0.1528283,-0.0126273,-0.8300994,0.05482697,-0.7750073,0.2254349,-0.3217699,-0.224624,-0.5186217,-0.1623461,0.1350763,-0.1490921,-0.0853988,-0.03148071,0.3848417,-0.2147976,0.2471363,-0.7435587,0.9414329,0.2252806,0.4804417,0.4899029,0.3511911,0.2127828,0.6888586,0.2620014,-0.2997456,-0.2010727,-0.254768,-0.03962721,0.2853784,-1.245776,0.4827712,-0.4959415,-0.6843358,-0.5604927,-1.287746,-0.1140278,-1.213252,-0.2540273,-1.356137,-0.3688124,-0.9690159,-0.04898493
Dances with Wolves,1990,Drama,184208842,19000000,4.33236121578947,0.4414809,-0.1207559,-0.1511069,-0.6099811,0.2747681,-1.053582,-0.5726446,-0.1690891,-1.08288,0.271293,-0.5632395,-0.2618993,-0.04809724,-1.147815,-0.1152382,-0.3520035,-0.1354667,-0.7141699,0.5232422,-0.1904892,-0.3011068,0.1747551,-0.497965,-0.09342364,-0.3338757,-0.1764738,-0.5591574,0.004433022,-0.5508652,-0.1365631,-0.7636502,0.3040526,-0.6231392,-0.1692035,-0.4808135,-0.6812785,-0.2847784,-1.210072,-0.684403,-0.6727808,-0.494148,-0.5497906,-0.05142313,-0.7474798
Day of the Dead,1985,Horror,5804262,3500000,-0.087901685714286,-0.05965033,-0.1163067,0.2225707,0.06941929,-0.3908437,-0.1604893,-0.507718,0.2973816,-0.2458832,-0.1326603,-0.231555,-0.382046,0.3066986,-0.09816923,-0.02913725,-0.1025895,-0.2310844,-0.1255739,-0.2481228,-0.09480795,0.2483617,-0.1072508,0.1090604,-0.2824671,0.4197399,0.2739152,-0.4680596,0.4277787,-0.01587201,0.3581172,0.8249452,-0.2033376,0.8752427,0.4187744,0.0762031,0.255138,0.3760992,-0.2518928,-0.2756862,0.4507989,-0.2672777,0.240312,-0.1713522,0.4117358
Devil in a Blue Dress,1995,Thriller,16140822,27000000,-0.671205477777778,-0.09935308,-0.04687025,0.6370453,-0.08661731,0.3063304,0.0399127,0.9305059,0.3612298,0.2530365,-0.2876537,0.2538466,0.2272195,0.02651037,0.2151048,0.6999627,-0.9813989,0.258664,-0.1331043,0.7825796,0.3684995,0.5167896,0.1722435,0.4613489,0.2956885,0.20885,0.07202629,0.1622561,0.2826163,-1.138086,0.6956436,-0.1134607,0.1948374,0.6524173,0.2593963,0.2650057,0.6133067,0.0870438,1.623783,0.0004329676,1.066271,-0.3713017,0.2121462,0.5208254,-1.00692
Disturbia,2007,Thriller,80209692,20000000,1.20576653,-0.008087558,-1.165382,-2.245564,-0.6080703,0.8230641,-0.4375546,0.08948173,-0.06213609,-0.0387866,-0.6865939,0.3364435,-0.2125483,0.2540297,-0.07595056,0.1725322,-0.05476766,0.3555874,-0.4059343,0.1841212,0.06687413,0.08601549,-0.08119104,0.9943694,-1.032206,1.574263,0.1084823,0.4104436,-0.1868139,0.03592432,0.2081724,0.6899832,-0.7592857,0.7862413,0.09135623,0.4696287,-0.475652,0.3879067,-0.2747059,0.5099575,-0.1176229,0.8053659,1.351836,-0.7195245,-0.2483515
Dumb and Dumber,1994,Comedy,127175374,17000000,3.11449739411765,-0.08092414,0.17369,0.372628,0.1308577,0.01502756,0.6424496,-0.3948735,1.025885,-1.165451,2.128769,0.1087947,3.0607,-1.244266,3.345013,-4.381841,-0.7963914,1.522343,0.2512109,1.162388,-1.009672,1.824334,-2.048955,3.473435,-2.140229,4.51924,-9.937802,4.304851,-3.047351,1.743793,-0.897583,0.3492258,0.2994018,-0.07506133,-3.716157,2.394635,-1.082452,0.8888199,-0.1573711,0.3208649,0.1606942,-0.01163933,0.1602503,-0.1864092,0.1137963
Enemy of the State,1998,Action,111549836,85000000,-0.278206943529412,-0.183768,0.3233878,0.6211569,0.1268792,-0.368007,1.158545,-2.514293,1.471529,-0.3103964,0.0306229,0.1403174,-0.3425995,0.3321528,0.1040585,-1.743865,2.247059,-6.107161,-0.2804987,-3.935661,1.261037,-0.6646304,0.4265675,0.5329338,0.1756639,0.9751317,-0.8758678,0.6010176,-0.5616286,0.02026879,0.4555461,0.319918,0.1852543,-1.547302,0.6710565,0.05302517,0.1031386,0.7227094,-0.2824609,-0.2515453,0.7534929,-0.5793491,1.087796,-0.6856855,0.6189549
English Patient,1996,Drama,78716374,35000000,0.236971591428572,-0.08570023,0.1307043,-0.2713362,0.5338005,-0.2100406,0.1320657,0.3969586,-0.01406588,-0.287151,0.2504064,0.1042408,0.2479407,-0.4106855,0.3099345,-0.1328057,0.8044175,0.09828041,0.6047618,-0.1519328,0.3603367,-0.1877532,-0.05419089,0.5370365,-0.06151857,0.1624993,0.6240323,-0.3305965,0.6906997,0.6935051,-0.3218338,-0.1706457,0.9440045,0.5502892,-0.05918852,0.7380592,-0.2957446,0.6175095,-0.2832028,0.1580879,0.2032911,0.4782766,0.1327817,-0.1894952,0.5716817
Eternal Sunshine of the Spotless Mind,2004,Comedy,34366518,20000000,-0.054920755,0.1678607,0.01408281,0.3466166,-0.5616289,-0.04243719,-0.08386383,-0.0567378,0.7963972,-0.6240268,0.591969,-1.579612,1.944573,0.8428071,-0.6445488,0.3096273,-0.5375654,0.01615638,-0.4804947,-0.05637557,-0.3235287,-0.3345251,0.02801637,-0.6624011,1.025142,0.01555988,-0.1472793,-0.1116383,-0.2877624,-0.2545316,-0.08429681,-0.0456322,-0.3689936,0.5492192,-0.2877813,-0.1232324,-0.2468421,-0.2959363,-0.3412909,0.03816105,-0.2011716,-0.6233334,0.3668014,-0.4612345,-0.2888704
Fantastic Four,2005,Action,154696080,87500000,-0.02762464,-0.2924372,0.3667782,0.1499456,0.6197069,-0.01223597,0.02819787,0.1981031,0.3099313,0.30898,-0.2153689,0.5880752,0.2071549,-0.2972751,0.7544014,-0.4510359,2.762451,-0.9530283,1.344174,-0.8422286,0.2384637,0.2921342,0.1267954,0.4498973,0.1121478,0.5380245,-0.1964366,0.3950151,-0.5900946,0.5427406,-0.4813149,1.104595,-0.1776646,0.8733241,-0.2407439,0.179077,0.1227155,0.4128635,0.56998,1.068295,-0.2159127,0.8519768,1.510089,0.2648023,0.904274
Fight Club,1999,Drama,37030102,63000000,-0.676721331746032,-0.2829386,0.4274955,0.1513994,-0.1386529,0.2620022,-0.09407666,0.2903344,-0.4385274,0.36137,-0.08655847,0.7857659,0.5966194,0.3265353,0.311445,0.349361,0.154067,0.3348487,-0.02129887,0.3487467,0.1796651,0.02537859,-0.02437023,0.4377073,0.02285212,0.7119726,-1.091648,0.5955567,-1.246847,0.6863288,0.6083779,0.4949128,0.05039397,0.7873031,0.8035352,1.248885,0.5557485,0.3300273,0.7926807,0.04949529,0.8189268,-0.01233323,0.5581828,0.6651983,-0.2679357
Final Destination 2,2003,Horror,46961214,26000000,-0.006589703846154,-0.2368021,-0.03957285,1.662806,0.4138666,0.04025051,0.5561182,-0.039038,0.06389623,0.008826717,0.5756972,0.4557693,-0.356607,0.3373855,0.3778743,0.3691272,0.334618,0.2782473,0.07667239,-0.3744419,0.6047335,0.01518205,-0.2887794,0.2061512,-0.504634,-0.1739282,0.03051925,0.4596126,0.2339743,0.8164109,-0.2020411,0.577387,-0.5448938,0.08487841,0.2869211,-0.2611942,0.965692,-0.8927723,0.6188699,-0.6971181,0.3524833,-0.6174625,0.7553749,-0.5596863,0.3425561
Game 6,2006,Comedy,129664,1000000,-0.9286848,-0.1152603,0.02323431,0.1135746,0.3417323,0.02053147,-0.3953226,0.671847,-0.08377968,0.3443488,-1.439116,3.20115,-0.4804089,0.778066,-0.04801761,0.2113468,-0.01428493,-0.1349827,-0.313129,-0.2808045,-0.2039833,-0.2118103,-0.1020027,0.0111908,-0.1521389,-0.1919016,0.2977165,0.3576454,0.4192623,-0.2907291,1.647748,0.2447063,0.2253746,-0.5357199,1.998905,-0.5698313,0.9659793,0.01296081,2.492063,-0.348418,0.5146672,-0.6271763,0.1729774,-0.3360231,1.309376
Gattaca,1997,Drama,12532777,36000000,-0.808527018055556,0.1257276,-0.5173679,-1.649009,0.6948136,-1.569305,0.3192153,-0.1791693,-0.5470516,-0.4437938,-0.2982427,-0.4539544,-0.1857927,-1.101123,0.2155073,-0.5233737,-0.2787168,-0.2102109,-0.6030423,-0.08023556,-0.3445923,-0.1714528,-0.4322489,-0.4517267,-0.6470524,0.2604328,-0.4041572,0.0702234,0.02702445,0.02597377,-0.2507723,0.2550918,0.4325127,-0.2228945,-0.4196769,0.4437111,-0.2426052,-0.04995209,-0.09712759,0.2734416,-0.1635013,-0.5548974,-0.07028501,-1.27565,-0.1948152
Gladiator,2000,Action,187705427,103000000,0.002310532524272,-0.005681761,0.8334819,-0.08653882,0.6696701,-1.140556,-1.783545,-0.7057975,0.3326191,-0.2308835,-0.06375597,0.03032326,0.03374174,0.09621073,0.3606186,-0.08112771,1.948133,1.059272,2.186911,-0.09528097,1.270579,1.566078,0.7165788,0.1833469,-0.54523,-0.007522977,-0.4169084,0.0255321,-0.49171,0.04742093,-0.4627169,0.3495761,-0.2941752,-0.2475799,-0.2300571,-0.1594235,-0.5036177,0.3563968,-0.3495897,0.3805161,-0.1250442,0.2577253,-0.6266203,0.5727114,-0.7025323
Gone in 60 Seconds,2000,Action,101643008,103300000,-0.45882231945789,-0.2234171,0.3611952,0.8813851,-0.08964023,0.7806434,0.5180411,0.1737896,0.7093132,-0.04795805,0.4580562,-0.1526383,1.028155,-0.7965946,0.9131439,-0.3795314,0.5910245,0.2258145,0.4402512,-0.884253,-0.009447561,-0.1476169,-0.3181826,1.90968,-3.49967,1.607918,-0.4059814,0.4697896,0.02280851,0.3571441,0.3524311,0.1739599,-0.06895171,0.3026807,0.5964265,0.2020334,0.1331784,-0.32007,0.6501196,-0.7756223,0.1919143,-0.7548504,0.4602289,-0.1658406,0.8851378
Groundhog Day,1993,Comedy,70906973,14600000,1.67115309246575,-0.00709724,-0.05828469,0.0655955,0.4393298,-0.1124906,0.448356,-0.9138205,0.05577022,0.1545149,0.3227042,-0.9764292,0.4623514,-2.675155,0.9240614,-0.6759507,0.145246,0.7403745,-0.5750879,0.486902,-0.7914076,0.3663596,0.0935064,0.02801588,0.02527015,0.08532289,-0.03606174,0.06821481,0.2669877,0.2193539,0.4464256,0.1247605,0.4002028,-0.2859557,0.2372198,-0.006122982,0.1544355,-0.6067979,0.2634601,-0.443545,0.5428709,0.1629423,-0.1692493,0.9400831,-2.266445
"Grudge, The",2004,Horror,110359362,10000000,5.06976491,-0.201084,-0.0229927,-0.1399747,0.4027168,0.09266994,-0.09755382,0.2540339,0.07807624,-0.08795049,0.2725758,0.06463278,0.3691953,0.02680102,0.3128605,0.1582231,0.4176004,0.192086,0.9145341,0.125691,0.3034119,0.4543952,0.1558704,0.1849222,0.4300964,0.5506894,0.4476313,0.8576968,0.7163552,1.34994,0.08617959,0.3967519,0.3827436,0.1105429,1.406083,-1.126463,1.491057,-0.3125976,-0.4346838,0.2601046,0.1174082,0.488078,-0.5597993,0.2516013,-0.05625672
Harold and Kumar Go To Whitecastle,2004,Comedy,18250550,9000000,0.115311388888889,0.08617275,0.08061934,-0.02861336,0.002629219,0.04226769,-0.3071028,0.1612186,-0.2314536,0.4416499,-0.8599387,1.489111,0.2313197,-3.279613,1.879327,-0.6744132,0.2152034,-0.7409794,0.1331112,-0.1704307,0.1246945,-0.3420668,0.5001268,-0.6607052,0.3701333,0.3318599,-0.2160341,0.06665642,0.4225403,0.6355895,0.4341134,-1.24258,3.524395,-2.134959,0.6407304,-0.7343659,0.1999794,0.1967289,0.335991,-0.1972798,-0.2238991,0.2408062,-0.1207541,0.04021396,0.3977625
Hellboy,2004,Action,59623958,60000000,-0.453447051666667,0.02279817,-0.2185462,-0.0495926,-0.4884291,-0.1523476,-0.5588054,-0.160397,0.09590123,-0.8284576,0.06105476,-0.1252723,0.4416407,-0.02235863,0.2307771,-0.03879817,0.5822279,0.277585,0.4135622,0.07037898,-1.112415,1.271197,-2.623579,0.9693973,-0.5174232,0.4471528,-0.1517418,0.5031162,-0.2900885,1.351447,-1.267411,-0.277468,0.6307411,-0.06475867,-0.1255987,0.2000145,-0.3725041,0.2177529,-0.02169416,0.2326976,0.04973727,0.2525491,-0.172098,0.3449197,-0.1437835
Horse Whisperer,1998,Drama,75383563,60000000,-0.308984005833333,0.1480742,-0.5603842,0.4511352,-1.390427,1.855519,-0.709411,0.7929008,-1.116304,0.4299203,-0.6371468,-0.3196605,-0.70555,0.1062246,-0.654852,-0.6948616,0.833913,-0.5665855,0.7745208,-0.4229554,0.1234673,-0.4628376,0.1372678,0.09238443,-0.3324422,0.08089553,0.0680066,-0.5790201,-0.3539137,0.08676374,-0.7522403,0.905443,1.358012,-0.06434405,0.7017366,-0.2406693,0.5158486,0.2602544,-0.4983407,3.080972,0.2630368,-0.3205058,0.460233,0.2444533,1.144235
Hotel Rwanda,2004,Drama,23530892,17500000,-0.26045768,0.330528,-0.547019,-0.9389519,-0.8742253,-0.6718506,0.02446058,-0.3727025,-0.553363,0.3151374,-0.3733112,-0.2849254,-0.4498201,-0.178222,-0.6417824,0.5457896,-0.6424607,-0.4398587,-0.6726389,-0.6628442,-0.3678445,0.1314535,-0.7298167,0.2235048,-0.3072868,0.3612009,0.1552356,-0.5924596,-0.288871,-0.5393875,-0.2273898,-0.874835,-0.3793825,-1.730577,0.2503332,-0.2875591,0.1472194,-0.7652556,-0.5219201,-0.4978284,-0.3749697,-0.05361654,-1.076935,-0.9905373,0.04410986
I am Legend,2007,Horror,256393010,150000000,-0.059892296666667,-0.2041033,0.3395921,-0.1567269,1.662545,1.137193,0.2729122,-0.4688751,0.2678542,0.6075351,0.9385251,0.2343828,1.369194,0.5359514,0.3531098,0.6140642,0.3150236,0.07948926,0.08244931,0.3039442,0.5118668,-0.3795534,1.186593,-0.113027,0.4068024,0.7469229,0.06606225,0.1396872,-0.6031485,1.25227,-0.7812582,0.5960974,-0.2227188,-0.8400534,1.333534,-1.001197,0.3791202,-0.3131216,0.2058446,-0.5652459,0.6393437,0.7039726,0.1688426,1.147937,0.3105642
"I, Robot",2004,Action,144801023,120000000,-0.336328644583333,-0.03549924,-0.1856298,-1.803666,1.24235,-0.2483593,0.6615219,-0.6302085,-0.004439205,0.6579954,-8.618787,4.756112,-2.494046,1.67437,-1.07147,0.2402372,0.3445192,0.5876322,0.1248739,0.2578864,-0.2919568,0.2556474,0.08405932,-0.428811,0.326554,-0.0715028,0.1370322,-0.4409179,0.7476261,-0.1976753,1.155882,-0.4269567,1.114688,0.2860917,0.4693977,0.6847225,-0.6836883,0.8489208,-1.08004,0.8855747,-0.4896196,-0.1757952,-0.1864228,-0.0582817,-0.1213105
Independence Day,1996,Action,306169255,75000000,1.24524120333333,-0.2608385,0.424148,0.3120083,0.3297522,0.324868,0.0785262,0.3613948,0.2190746,0.1926663,0.01142356,0.4878115,0.3851654,0.2932924,0.149686,0.6320475,0.2484441,0.3185217,0.1924351,0.3929934,0.1668982,0.2132729,0.118315,0.5536902,0.1042131,0.4745483,0.04009482,0.5163616,0.1435147,0.5383937,0.1060375,0.350069,0.499873,0.2429707,0.4006924,0.4305904,0.2853301,0.1913321,0.2578331,0.2039592,0.5168289,-0.3013038,1.8904,-7.105561,3.678235
Insider,1999,Drama,28965197,68000000,-0.765722671323529,-0.1356643,0.3064079,0.4945902,1.566121,-0.4690606,0.9318765,-0.1394615,0.4300883,-0.5855519,-0.3510072,0.7008428,-1.20026,1.370709,-0.9068264,1.080725,0.4329356,0.5486998,0.2395053,0.4809672,0.7319046,-0.5697808,-0.4355674,0.8055163,-0.6305423,1.333148,-0.09402508,0.8135611,-0.1257012,-0.4337456,0.6668559,0.06530444,0.06858375,0.1735514,0.2689494,0.4177968,0.2462083,0.743046,0.4877837,1.046985,-1.003703,1.301225,-1.29532,0.8684545,-0.6481768
Insomnia,2002,Thriller,67355513,46000000,-0.194662344565217,-0.04297929,-0.4296528,-0.1208101,0.154397,-0.5552479,-0.05335469,0.08857472,0.02315412,0.03388153,0.1545817,-0.5223952,0.8001901,-1.09316,0.1821562,-0.9806802,-0.2322772,0.2398198,-1.283504,0.5344949,-0.6960701,1.227244,-0.3713922,-0.1860024,-0.05432164,-0.9336189,0.7002544,-0.2732825,0.2288224,0.2401663,-0.222975,0.7390978,0.9933042,1.625778,0.623298,1.957071,-1.080956,-0.318386,0.1892273,-0.2791756,0.1526001,0.1066249,0.1870474,-0.6767491,1.66525
Juno,2007,Drama,143495265,7500000,9.5229861,0.5090109,-0.9780732,-0.9119606,-1.158895,-1.29237,-0.7895238,-0.004141956,-1.990914,0.03542593,-0.4160428,-0.3450404,-1.311185,-1.933644,-0.2936149,-1.032179,-0.3822918,-1.742089,-0.3469189,-0.9904412,-0.4443852,-0.5769503,1.302526,-1.885893,-0.2017392,-0.6692568,-0.1660628,-0.9889268,-0.4189065,-0.4994067,-1.032289,-0.9352758,0.07377948,-1.339613,-0.1147106,-1.317694,-0.9333422,-0.6697042,-0.8849523,-0.2047476,-1.730311,-0.2423678,-0.9541073,-0.8026604,-1.284356
Lake Placid,1999,Thriller,31770413,27000000,-0.35282492037037,-0.05448687,0.6931634,0.9198727,-0.4221346,0.982285,2.434599,-0.01502539,0.04475515,0.2574573,0.3733524,-0.2162495,0.00372993,0.2452474,-0.1872801,0.3020646,-0.6589677,1.862769,-0.09849454,0.3024345,0.4327871,1.039042,-0.08892429,0.6839543,-0.3306233,0.06870609,0.05659792,-0.3895751,0.6145525,-0.5872711,0.5482962,-1.264317,0.1422519,0.5398447,-0.384246,-0.4573162,0.5545629,-1.517123,0.02722315,-1.57808,0.869617,-1.207505,0.3965948,-0.38583,0.2654779
Land of the Dead,2005,Horror,20700082,15000000,-0.240996993333333,-0.212954,0.1403076,0.6150516,-0.04802165,0.1000026,0.4579896,-0.4748382,-3.987754,2.291826,-1.193642,0.7967356,-0.214119,0.6602731,0.1919275,0.3797843,-0.2223574,0.23849,-0.1465777,0.3730475,0.3582056,-0.1210321,0.02008683,-0.1199897,0.6256504,-0.02672743,-0.1114194,0.9252102,0.04617205,0.3782456,0.02775316,0.9101069,-0.9002791,0.5553127,-0.2910436,0.8093324,0.1779378,0.8761987,0.1942937,0.1774095,0.1599892,0.405034,0.08951548,-0.1715157,0.5472293
Legally Blonde,2001,Comedy,96520674,18000000,1.94924281666667,-0.2367345,-0.4861178,-0.1602102,-0.2091281,0.2972024,-0.4329571,-0.5244519,0.8339048,-0.01029975,-0.2714509,0.6938982,-0.5587834,1.864895,-0.7811702,1.239048,-0.0169318,-0.04826507,0.6630753,-0.8462453,0.3860279,-0.002599555,0.208897,0.0756446,0.04969698,0.5558438,0.8333513,-0.3570709,1.397427,-0.4522273,0.5999345,-0.03866674,0.3328636,-0.002194788,0.3840649,-0.05364178,-0.6127045,0.3130671,0.1576871,0.4076175,-0.04744073,0.2071413,0.6035834,-0.03203034,0.31593
Little Nicky,2000,Comedy,39442871,80000000,-0.728830261875,-0.2761323,0.308872,0.342826,0.6806352,0.8336933,0.5205074,-0.4812011,0.8822256,-0.7237042,0.8073867,-0.4814498,1.140554,-1.230807,1.618951,-0.5417942,1.064872,0.1043009,-0.1424068,0.9566402,-0.7147166,0.08013601,-0.09888044,0.09070498,-0.4081022,0.9621902,-0.300957,0.1503177,-0.1608348,-0.8120906,0.7875504,-0.03504489,1.04762,-0.5835394,0.6384531,-0.7120534,0.8444845,1.156776,-0.5157255,0.4566083,0.8017566,1.052122,-0.3450577,0.8430698,0.3065566
Lord of the Rings: The Fellowship of the Ring,2001,Action,315544750,93000000,0.866124865591398,-0.1187031,-0.1729637,0.09421286,-0.1536445,-0.5654744,-0.3767059,-0.2629541,-0.4858016,-0.2872467,0.02139478,-0.298547,0.1754732,-0.2513336,-0.0856003,-0.0307946,0.2461664,-0.6261095,0.6670913,-0.5805554,0.7377652,-0.1761581,0.2546732,0.06089671,0.712009,0.8309252,-0.4069812,0.1445399,-0.1336056,1.792863,-0.2405394,0.3047487,0.09329358,-0.08112584,0.3782687,-0.2489058,0.3876919,-0.0958258,0.4205143,0.4250573,0.101548,0.06874533,0.3713537,0.9516439,-0.3497516
Magnolia,1999,Drama,22450975,37000000,-0.66626929054054,-0.2655457,0.2993744,0.2789526,0.02908002,-0.1198736,0.2680234,-0.1147234,0.9308543,0.3460033,-0.323285,0.4650286,0.4789734,-0.09587553,0.6845012,-0.6232917,0.9999077,-0.09168605,1.136538,0.4882212,0.2426936,0.2630155,0.6439278,0.6764211,0.7442362,0.1575049,-0.03342551,0.6696463,0.2275162,0.653115,0.3407499,0.2718669,-0.02005734,0.2968519,0.1993176,-0.06259401,0.4218731,-0.1644486,0.5953301,-0.901865,0.3572319,-0.2230509,0.08957038,0.3771453,-0.2609312
Manchurian Candidate,2004,Thriller,65955630,80000000,-0.54655504375,0.324887,-0.2130991,0.117801,-0.6688681,0.3019594,-0.5960288,0.3469924,-0.85585,-0.4309005,-0.8666683,-0.8709967,-0.6756291,-0.02338612,-0.81647,-0.337048,0.01233053,0.08101465,0.3484728,0.2057797,0.4026387,-0.3789084,-0.04694782,-0.5366932,-0.1081079,0.5124211,-0.3720169,0.3941031,-0.465627,-0.6581765,-0.2644101,-0.4682842,-1.231883,-0.1692646,-0.690404,0.464526,-1.722215,-0.05188555,-1.195858,-0.4740205,-0.6768749,-0.4069668,-1.492761,-0.2786372,-0.8177081
ManOnFire,2004,Thriller,77906816,60000000,-0.285854186666667,0.5013934,-1.049652,-0.4356247,-1.591086,-1.10508,-0.5519554,0.0627508,-1.566943,-0.2957783,-0.5158962,-0.7992069,-0.2051061,-0.5696102,-0.4475924,-1.043312,-0.473858,-0.5091019,-0.9764803,-0.2116403,-0.7679593,-0.4015181,-0.4514294,-0.6327378,-0.16341,-1.462657,1.132341,-2.391311,-0.5065667,-0.6953332,-0.1807923,-0.9141764,-0.108429,-0.3952061,-0.3027365,-0.6846992,-0.7598,-1.075977,0.08173463,-0.4410426,-0.888057,-0.9835211,-0.8506797,-0.03275901,-1.196603
"Matrix Reloaded, The",2003,Action,281576461,150000000,0.032447023666667,-0.01949695,0.4060844,-0.6348389,1.292842,-0.06268487,-0.4579238,0.2264633,0.001414593,-0.2301702,0.9550676,-0.1165344,1.116963,0.1995293,0.1076813,0.2179395,0.486407,-0.1158923,-0.09491058,0.6027403,-0.9523098,1.286313,-0.5627768,0.7724964,-2.546014,1.343218,-0.6567083,0.8866247,-0.1260425,0.1550032,-0.1411619,0.08396926,-0.829103,-0.2197895,0.4021982,0.5655281,0.3799326,-1.881837,1.34047,-0.7614823,0.3454005,-0.2767159,0.2446179,-0.2649644,0.3491532
Men in Black,1997,Action,250690539,90000000,0.531997738333334,-0.2943384,-0.169442,0.3225779,-0.7500558,0.5309154,0.8292762,0.7339253,0.7496463,-0.2505398,0.7582745,0.256186,0.2169699,0.5955982,0.01896248,0.7284257,0.01669984,-0.08943436,0.5857809,-0.09571621,0.8076078,1.375741,-0.3831139,0.3074122,0.05823586,0.1324436,0.2962217,0.3025964,0.5833085,0.5055769,0.5622892,0.2796512,-0.02947535,0.2280638,-0.5476512,0.3332852,-0.3195048,1.061869,-0.5807097,0.2769392,0.6086656,-0.4053967,0.3254585,-0.2761201,0.3958192
Mission Impossible,1996,Action,180981886,80000000,0.24425046625,0.1188686,1.536316,-0.7231689,0.961527,0.1290405,0.3744547,0.3030761,0.6976071,0.1561536,0.03259731,0.1061336,-0.2903878,0.02980355,0.5634397,0.1262977,-0.1634534,-0.2638327,-0.214083,-0.04617992,-0.3687458,0.001519552,-0.546251,-0.01073773,-1.054943,-0.3915135,-0.5700054,-0.3196419,-0.1783356,-0.8434414,-0.07585298,-0.8333211,-0.2060439,-0.7647193,-0.4947717,-0.5813759,0.6225873,-0.5632313,0.07530871,-0.7371701,-0.01595796,-0.6327521,-0.6840832,-0.9134364,-0.37484
Monkeybone,2001,Comedy,5409517,75000000,-0.960330208666667,-0.1503159,-0.8911076,0.437759,-2.147068,1.117503,0.08472928,0.2625368,-0.2553326,0.7579395,-0.2634476,0.1039124,0.4210899,0.05562523,-0.1170931,0.4774231,-0.103166,1.145117,-0.2571426,0.6727791,0.170255,0.2661204,0.5392368,-0.3487771,1.196608,-0.8449542,1.223599,-0.6496589,-0.03325951,0.5948451,-0.5259744,-0.108501,-0.7639811,0.06632081,-0.6268563,-0.4105378,0.08140001,0.5787789,-0.8076709,1.01241,-0.9489791,0.1448,-0.2191692,-0.1615199,0.2528291
"Mummy, The",1999,Action,155385488,80000000,0.06827523,-0.2326291,0.1677246,-0.02326249,1.697422,-0.536373,1.038724,0.003519535,0.04288472,0.3203849,0.4150911,-0.5417285,0.7320759,0.7361307,-0.09789065,2.117729,0.2328457,0.2157319,-0.4363123,1.16254,0.6229768,1.009259,-0.09605082,0.9877844,-0.2479619,0.6774547,0.597102,-0.06347303,0.4478491,-0.08764389,0.8671875,-0.08438007,0.2188409,0.1720548,0.237798,-0.07487901,0.3471313,0.01520733,0.06142373,0.5130625,-0.3424395,0.8835732,-0.294553,0.5056504,0.02869957
Never Been Kissed,1999,Comedy,55474756,25000000,0.220444632,0.3922945,-0.3178147,-0.1515241,0.1290771,-1.105287,1.589187,-1.209616,0.7116597,-0.6099827,0.5059355,-0.3901964,-0.2411603,-0.4175516,-0.2348407,-0.3822768,-0.4441645,-0.5815086,-0.384175,-0.3402214,-0.04436346,-0.7273362,0.09491207,-0.8571574,-0.2836404,-1.385997,0.8907868,0.4192421,-1.347719,1.249295,-1.635775,0.1548659,-0.9102324,0.00540685,-0.8724005,-0.1974497,-0.1843444,-0.3773191,-0.3393045,-0.5838482,-0.3530001,-0.04066524,0.7082509,-0.9676518,-0.9433482
New York Minute,2004,Comedy,14018364,40000000,-0.807247495,-0.4090243,0.637681,0.8704151,0.7386784,0.2776761,0.7363593,0.521179,0.9268475,0.3747654,0.5779276,-0.2152994,0.6751196,-0.06509344,0.157723,0.6285721,0.08183649,0.7237049,-0.3208929,0.4494192,1.349353,0.5211959,0.9787584,-0.1738758,-0.1090042,0.1766619,1.233454,0.7810698,0.3305971,2.180942,0.08617693,1.048123,-0.9567406,0.2304327,-0.4971215,0.7721059,-0.2010228,0.6720044,0.3197093,0.8963182,0.2396366,0.8941497,0.511144,0.3659138,0.7047376
Ocean's Eleven,2001,Thriller,183417150,85000000,0.186816852941177,-0.372487,-0.03966674,0.6428478,0.1152136,0.04006128,0.5966455,-0.02007549,0.1623592,0.7067347,-0.1830648,0.5310375,1.18673,0.2757133,0.6835875,-0.1117553,1.256504,-0.02113557,1.496821,-0.2360442,0.2284489,0.1680023,0.3009524,0.9217092,0.5147571,0.5262942,1.007541,0.1550005,0.6628625,0.5652848,0.3283026,0.00640621,0.3986501,0.1731661,0.3772418,0.7184024,0.1007388,0.7598013,-0.1061062,0.07086134,0.2579213,0.6400998,0.2683848,0.7032616,-0.2826013
"Pacifier, The",2005,Comedy,113006880,56000000,0.109889,-0.288413,-2.432784,2.657571,-1.077986,2.649124,-1.139623,-0.1838137,1.725104,0.903729,-0.2110099,0.3150442,-0.08014882,0.4938855,-0.0507048,0.02225148,0.4224407,0.2633109,0.2320616,0.1107226,0.2293774,0.2202295,-0.2110483,1.220881,-0.5334839,2.276336,-0.6029491,1.136698,-0.4574175,0.1658694,0.4237262,0.1364553,0.1325273,0.3333964,0.2292508,0.3485556,0.3023054,0.6573714,-0.04831699,1.590464,0.1208422,0.4221126,-0.08636672,0.4275045,0.06782543
"Pianist, The",2002,Drama,32519322,35000000,-0.488982082857143,1.299445,-1.750187,-0.6225742,-0.6692415,-2.365714,0.07771421,-2.464297,-0.6343924,-1.607001,-1.637477,-1.220059,-1.463015,-1.532613,-1.278183,-1.441186,-1.668094,-1.125848,-2.149578,-0.6043615,-2.226501,-1.259965,-1.910774,-0.7215313,-0.8544182,-1.817785,-1.547904,-1.465468,-1.318676,-1.265052,-1.664135,-0.6872697,-0.6062595,-0.1105171,-0.9776746,-1.020379,-0.7903091,-1.784756,-1.12967,-1.121579,-0.8738354,-0.8400293,-0.281484,-1.040372,0.1425191
"Postman, The",1997,Action,17650704,80000000,-0.87865141,-0.06067023,0.04794223,0.2476291,0.3894394,0.3567725,-0.7240128,0.03191439,-0.4554434,0.149511,-0.1506076,0.4530203,0.01760581,0.4346338,-0.06290294,-0.04039428,0.1518564,0.4873194,-0.1662434,0.1348245,0.1094163,0.221571,-0.2330962,0.4595449,-0.2708628,0.03842662,1.169297,0.03751402,1.55926,-0.07375178,-0.1225208,1.615482,-0.8580883,0.8402483,-0.1217437,0.2278022,-0.3201481,0.632587,-0.05420493,1.01672,-0.9426513,0.3527976,0.5397285,0.2313461,-0.0005364788
Rambling Rose,1991,Drama,6266621,7500000,-0.540447793333333,-0.2719827,0.9265387,-1.287755,5.03409,-6.583797,3.037473,-1.467761,1.057779,0.03278347,0.6586983,0.02363189,0.7865352,0.0693066,0.4942371,0.168043,0.4307374,-0.008927018,-0.2553778,0.2918773,-0.1988815,0.5886556,0.569982,-0.08265276,0.5222943,-0.1471145,1.192006,-0.6726946,0.7393089,0.01530629,0.4405045,0.4658856,0.1275004,0.2064955,0.2679415,0.1811237,0.3347322,0.3903047,-0.02267476,0.3767731,-0.2881646,1.864792,-1.60178,-1.132349,2.026804
Robin Hood Prince of Thieves,1991,Action,165493908,50000000,0.820432988,0.05224359,-0.06880736,-0.8598674,-1.291246,-0.02330943,0.04931273,-0.5061413,0.1358418,-0.1490589,-0.7095211,0.03753751,-0.1842732,-0.08063003,-0.201059,0.04081381,0.1748976,-0.4752863,0.5564417,-0.4558001,0.1313537,-0.2868486,0.316863,-0.4296461,0.3023994,-0.8972382,1.125943,-0.03610483,-0.401408,1.270815,-0.8477905,1.135255,-0.5788004,0.9119439,-0.427573,0.7211238,-0.07064312,0.4931995,0.1524936,-0.6478546,0.2337668,0.2346151,0.06758968,-0.00197028,-0.2595212
Rush Hour 2,2001,Comedy,226164286,90000000,0.382115081111111,0.04956494,-0.4814058,0.2320991,0.4386568,-0.3468136,-0.08197422,0.5270714,-0.7846126,-0.4213811,-0.2585555,1.112521,0.3847452,-0.7034223,0.8493394,0.2897057,0.2144286,-0.05270496,0.1287299,-0.1183335,0.4281058,-0.08205466,0.331748,-0.07342211,0.1332031,0.02864044,-0.9165855,-0.07531628,-0.06193628,0.1925782,0.4504929,0.02217857,-0.6101066,0.6112719,-1.361323,0.6708869,-2.135619,0.1133662,-0.4571889,-0.1255682,-0.02868126,0.2196535,-0.1820012,-0.3606923,0.3534335
Sense and Sensibility,1995,Drama,42993774,16500000,0.4331258,-0.4975605,0.4532326,0.7445872,-0.6367515,0.8654804,0.6743293,0.3396088,0.1677489,0.5518876,0.02264172,1.153607,-0.782282,1.042146,0.5797528,0.786364,-0.872986,1.520336,-0.3705303,1.069555,-0.3040007,0.2679481,-0.3679058,1.232709,1.068107,-0.1657399,0.8692423,0.1512138,0.7332933,0.2412538,1.189059,-0.3453306,0.4085065,0.5660754,0.7294661,0.04260763,2.06875,0.7862682,1.589342,-0.04803139,0.2818641,0.4252975,-0.2617863,0.5680746,-0.4378059
Shawshank Redemption,1994,Drama,28341469,25000000,-0.376487682,-0.01076148,-0.2863921,-1.084477,-0.4897764,0.09520601,0.07035202,0.1835943,0.3197598,-0.07180817,0.4897665,-0.02861114,0.317483,0.2321725,-0.24543,0.1884085,0.1556191,0.01851735,-0.3389597,0.1447181,-0.1385842,-0.5358559,0.09603945,-0.2373576,0.277067,-0.07696995,0.5463877,0.09408632,0.392232,0.2293866,-0.2293843,0.4429895,-0.5384951,1.036732,0.08151665,0.2680802,-0.3996361,0.3659504,-0.4569607,-1.296996,0.7687615,-0.7591885,0.3182346,-0.1396082,0.1433522
Silence of the Lambs,1991,Thriller,130726716,20000000,2.59498469,0.05122275,-0.3943661,-0.2311811,0.5351942,-0.3118121,-0.5263593,0.4214934,-0.4230004,0.2303142,-0.2919894,-0.02091145,-0.353345,0.1694885,-1.117646,-0.883986,0.4554823,0.2102877,-0.7068292,0.9293731,-0.6395657,-0.230714,-0.197965,-0.1319105,0.01072306,-0.8588827,0.6956945,-0.736642,0.03888442,-1.056175,0.6380761,-0.5418694,0.02342258,-0.4470498,0.009246356,-0.02293113,0.04488078,-0.01645181,-0.2346826,0.07073994,-0.2903719,0.1310109,-0.4759774,-2.031883,0.7073059
Soldier,1998,Action,14623082,75000000,-0.892764065333333,0.1416971,-0.2051804,-0.1470614,-0.05000281,-0.5316745,0.3858649,-1.001802,-0.2761023,-0.4756359,-0.3228219,0.05853402,-0.09869504,-0.01249632,0.08237817,-0.07300252,-0.2906273,0.3062909,0.3190658,-0.7948364,-0.00536976,-0.2951924,0.2818324,0.2545305,0.09682865,-0.3715204,0.2169707,-0.01156358,-0.3613254,0.1863001,-0.3107488,0.1899074,-0.2254607,0.2152539,0.2439057,0.1844954,-0.2176709,0.01468383,0.3136597,0.6585481,0.6340597,-0.3566511,-0.6402976,-0.6266028,-0.5426141
Spanglish,2004,Comedy,42044321,75000000,-0.691674979333333,-0.2552132,0.1942907,0.2588325,0.2823581,-0.3267642,0.5368352,-0.2586274,0.5157515,0.4632821,1.494448,-0.1573928,0.6678356,-0.08024606,0.525869,0.10042,0.6192264,0.3484641,0.8285026,-0.258381,1.23658,-0.9310167,2.617935,-0.04458964,0.7407362,-1.484291,4.482768,-8.343101,0.8810655,0.1150181,0.03599712,0.6782773,-0.01910662,0.3983391,0.323104,0.00609412,0.7906807,0.1385634,0.4908545,0.2344872,0.1452104,0.369026,0.5056095,0.1213807,0.7816115
Sphere,1998,Horror,37068294,73000000,-0.720718332876712,-0.81371,0.8178584,0.3685032,0.8838864,1.303295,0.4483504,2.015827,0.1406313,1.368926,1.227521,1.05882,1.359542,2.054483,0.6674995,1.716561,1.393386,0.9100255,0.8895068,0.321133,0.6022535,1.618663,0.8723798,0.633622,2.299239,0.6134761,2.017786,0.4514444,2.074434,0.591989,0.9563295,0.1827957,0.6750892,0.7774667,0.9167799,1.772057,0.2752531,1.487932,-0.3628508,2.527607,2.343829,-0.524426,1.567683,-0.05010786,1.061301
Suspect Zero,2004,Thriller,8712564,27000000,-0.822521844444444,0.05150891,-0.2064917,0.06324742,0.04259132,-0.1780705,-0.1447242,-0.1934244,0.6386919,0.2371504,-0.2684725,0.8543737,-0.5509949,0.5656106,-0.7597368,0.6287359,-0.4083738,0.2798554,-0.320604,-0.1858931,-0.3879021,0.3571908,-0.2753021,-0.1676698,0.385152,-0.8315494,0.07115292,0.8497442,0.00337448,0.2720742,-0.3466504,-0.01762563,0.02770505,-0.07122888,-0.2436966,-0.4158991,-1.633192,-1.040987,0.3590914,-0.2089348,0.350689,-0.5865722,-0.616551,-0.0268418,-0.4985314
Swordfish,2001,Thriller,69772969,102000000,-0.623773206372549,-0.6221714,0.581593,-0.3080487,0.7948631,0.3385656,0.3791639,1.893165,-1.757559,1.129294,0.6817537,0.08297202,1.545088,0.7561251,1.183728,0.9381501,1.333269,1.188283,0.4052201,0.8252154,0.3548448,0.2392641,0.7709684,0.8094342,0.5039497,0.811444,2.134938,-0.04290493,0.5767923,0.7348973,0.3556897,-0.152957,0.341228,-1.462449,1.101769,0.4739227,0.06752559,1.157576,-1.239219,0.0606072,-0.2333026,0.3592835,-0.621737,0.7753935,0.8967511
Taking Lives,2004,Thriller,32682342,45000000,-0.600549153333333,0.3019777,-1.790218,-3.617291,-0.8335272,0.1910986,-0.3490023,-0.2506219,-0.4779129,-0.1254376,-0.170677,-0.1914135,-0.9501684,0.6910645,-0.08563475,-0.4208708,-0.2815,-0.4342608,-0.2013233,-0.2122982,-0.06339423,-0.09014166,-0.7519264,0.2446099,-0.6488057,0.1305073,-0.7052149,0.1063928,-0.6503726,0.2631338,-0.5084682,-0.5456159,-0.1387137,-0.2059667,0.3176699,-0.550583,-0.2030743,-0.3300578,-0.1253729,-0.6585442,-0.7803694,-0.004107183,-0.2257018,0.06540594,-0.4674703
Three Kings,1999,Action,60652036,48000000,-0.305028754166667,-0.1008695,0.3558935,-1.029427,0.77939,-0.5715452,0.8549977,-0.2957517,0.7041625,-1.888776,1.357413,-0.4635338,0.3187064,0.342128,0.05669424,0.3493721,0.1895328,-0.3894618,1.166127,-0.9792707,-0.1422888,-1.490082,1.406425,-0.351577,0.6178372,-0.1319611,0.01318007,-0.147048,0.1461984,-0.03265773,0.3186965,-0.03822542,0.2038227,0.1303428,0.0515698,0.3341335,0.3386289,-0.06872601,0.8787856,-1.0966,0.1812022,0.1755093,0.3827512,0.005119222,0.5057016
Titanic,1997,Drama,600788188,200000000,0.652167517,0.02373252,0.01104807,-0.2669761,0.3525992,-0.04903295,-0.00677118,-0.1687004,-0.059278,0.2667776,-0.8145426,0.4008984,-0.2780979,0.2239209,-0.2401892,-0.2524286,0.4700943,-0.4104487,0.2241001,-0.8459708,0.0541722,-0.1766594,-0.1258437,0.1713482,-0.3801072,0.4407963,0.02150912,0.5718528,0.09480523,-0.2958805,-0.2297365,0.1201728,-0.3085396,0.9637569,0.153758,-0.9316453,0.3918028,0.1320838,-0.8289813,0.4969242,-0.4862323,0.5124819,0.1461577,0.2712814,-0.2632361
Tomorrow Never Dies,1997,Action,125304276,110000000,-0.37347862,0.1039035,-0.4304647,-0.1191911,-1.117177,-0.7363041,-0.755477,0.5650694,-0.3998818,0.1045961,-0.3657153,0.05219815,0.254162,-0.5423888,0.2530982,0.610325,-0.8831654,0.7833789,-0.335705,-0.1875224,-0.1862769,-0.04061544,0.6819326,-0.4073284,0.5258007,-0.009801335,-0.04982999,0.03223454,-0.09251673,0.2474517,0.04491687,0.1735124,0.07849757,-0.1881736,0.08139913,-0.1022503,-0.1603833,-0.011393,0.01775432,-0.261869,0.1263497,-0.2000303,0.3113132,-0.08255973,0.1806535