Movie Title,Year,Genre,Rating,Gross,Production Budget,orig ROI,ROI,,,,,,,,,,,,,,,,,,,,,,,,,,,,,,,,,,,,,,,,,,,,,
Parsed_13days_g2.txt,2000,Drama,PG-13,34566746,80000000,-0.76235362125,-2.07311167683315,0.08226135,-0.7088618,0.164933,-1.565008,-0.6789301,-0.03061777,-1.060331,0.5089778,-1.069658,0.4871124,-0.2059375,-0.2237215,0.01222145,0.3481257,-1.083595,0.1754734,-0.6818325,-0.07803441,0.2240577,0.3914011,-0.955569,-0.1349861,-0.4348462,0.1332039,-0.4131959,-0.8389831,-0.272737,-0.547406,0.06655327,0.7797206,-0.4706748,1.306291,-1.578137,0.1905545,-0.269174,-0.01494505,-0.7609322,-0.8918742,-0.6084339,-0.003974568,-0.3470559,-0.2499612,-0.3643723,-0.1253354,NA
Parsed_5thelement_g2.txt,1997,Action,PG-13,63820180,95000000,-0.630514747368421,-1.43641131205823,-0.6113814,0.7623471,0.221652,1.092216,-0.3613482,0.2019808,-1.286778,0.6162611,0.3708558,-0.02239735,1.09358,0.5569546,1.00696,0.3874963,0.8180279,0.3358763,1.070415,-0.1735271,0.6416268,0.8230546,1.096732,0.456824,1.697346,-0.2987404,1.206306,0.33493,1.168849,0.3634044,0.7625106,0.5693037,1.544464,-0.1432902,0.6920501,0.7212519,0.2169088,0.9175051,0.3734583,1.588565,-0.5801469,0.8676566,-0.3893039,0.1899947,0.8205479,0.3432088,NA
Parsed_Ace-Ventura-Pet-Detective_g2.txt,1994,Comedy,PG-13,72217396,15000000,1.64797118666667,1.40488742385235,-0.2055427,-1.257479,-0.5262646,-1.215559,-1.470536,0.6377755,-0.6368363,1.056909,-0.7586499,0.428202,0.7798935,-0.307432,0.7631522,-0.3677435,0.6059239,0.8423418,-0.5781235,-0.2066783,-0.5106075,0.963025,-0.0632782,0.6047393,0.4244269,-0.6433213,0.4441258,-0.01548054,0.2959317,-0.2758679,0.2414263,-0.7902024,0.8215984,0.8660406,-1.075812,0.9786017,-0.1056487,0.5352506,0.01057516,-0.09869329,-0.2789925,0.3604179,0.2029388,-0.1829975,0.5925285,0.05260999,NA
Parsed_AFew-Good-Men_g2.txt,1992,Drama,R,141340178,33000000,1.35566963333333,1.23613722517374,-0.5744775,0.4712477,0.1586557,1.442604,-0.4388678,0.6790252,0.05694284,0.5209415,0.9645614,0.3514918,0.7615415,0.5035067,1.160573,-0.548271,0.9450892,0.4702613,0.9243246,-0.08864093,0.6843789,0.9799317,0.1664325,0.5039561,0.458922,0.33166,0.1196198,0.2931875,1.000775,-0.4357432,1.790462,-0.3166502,1.285963,-0.2095154,0.4949046,1.196789,-0.2295135,1.016266,-0.08903688,1.251766,-0.3146241,0.56941,-0.01472111,-0.2534594,0.7678963,0.9989945,NA
Parsed_American-Gangster_g2.txt,2007,Thriller,R,130164645,100000000,-0.2840944525,-0.482158835808507,0.2082004,-0.9170301,0.3945889,-0.7777405,-0.8443516,-0.9925822,-0.05291101,-0.7173742,-0.4880289,-0.284882,-0.3388291,-0.5543951,-0.2493591,-0.9622239,-0.02001919,-0.5065967,-0.7506353,-0.9115882,-0.4944092,-0.2809776,-0.01500353,-0.4840992,-0.9684461,-1.131578,-0.07871587,-0.6976208,-0.06932839,-0.8429338,-0.5903908,-0.2555057,0.5113018,-1.237739,-0.07348339,-0.5640661,-0.4711387,-0.924352,-0.6445464,-0.7508915,-1.139337,-0.2073475,-0.8988935,-0.8804152,0.007810896,-1.338034,NA
Parsed_American-Pie_g2.txt,1999,Comedy,R,101800948,12000000,3.66587678333333,2.22214820907498,-0.06517096,0.5502479,-0.1499511,-0.4139612,0.2129865,-0.1761188,0.3441173,-0.3828755,0.4843672,1.010213,-1.184345,2.258542,-1.687899,2.051939,-0.846471,0.6628825,0.4598983,0.8900399,0.1159849,1.575908,0.2812148,0.01857735,0.1391582,0.8406589,-0.6244011,1.24278,-0.6923783,0.8083545,-0.6561769,0.1197314,-0.2912545,0.5528168,0.0744993,0.3652923,-0.04377743,-0.6483212,2.145221,-0.6212609,0.1095447,-0.2822902,-0.03229849,0.00194495,0.3758344,-0.3844309,NA
Parsed_Assassins_g2.txt,1995,Action,R,30303072,50000000,-0.666666208,-1.58496051557415,0.4866756,-1.005232,-0.285285,-0.196467,0.3171985,-0.5259533,0.2636937,-0.2446518,0.1675806,0.05156929,-0.3382181,-0.330633,0.09361428,-0.413525,0.1649325,-0.2545793,0.1662493,-0.2047165,0.3353504,-0.1244199,-0.4452155,0.4698101,0.3471856,-0.345729,-0.1923205,-0.8526639,-0.2945114,0.1838416,-1.102351,0.7826147,-0.8510432,0.3047047,-1.308141,0.8183654,-1.044412,0.1555866,-0.358148,-0.6621188,-0.382318,-0.1955399,0.1035986,-0.7462345,0.6598651,-0.2677697,NA
Parsed_awalktoremember_g2.txt,2002,Drama,R,41281092,11800000,0.924118694915254,0.944197798735693,-0.008002559,-0.3844204,-0.05427599,-0.661414,-0.3335648,-0.4501931,-0.07760619,-1.238553,-1.21911,0.4280607,-1.11095,1.060996,-0.5986986,0.2494892,-0.1403057,-0.01173341,-0.459109,-0.205257,-0.2206117,-0.006486359,-0.08524847,-0.3571025,-0.5210973,-0.3296176,0.2443251,-0.07569625,-0.421965,0.4991924,-1.391877,0.607191,-0.06320743,-1.237375,-0.2626114,0.09118596,-0.2672779,0.5928797,-0.6183368,-0.1455455,-0.9083659,0.1247412,0.3724105,-1.125621,0.1490146,-0.7128652,NA
Parsed_Babel_g2.txt,2006,Drama,R,34302837,20000000,-0.0566719825,-0.084168577502864,-0.00359997,-0.3774147,-1.403283,-0.2938512,-1.180764,0.9294155,0.6330947,-0.05098001,0.03865368,0.2884721,-1.496973,0.6690872,0.5399732,-0.03390855,-0.168656,0.08964703,0.347467,0.07081468,0.185535,-0.09161699,0.09963412,-1.655999,0.448927,0.5149495,0.6143522,-0.01607493,0.0770264,0.06655525,0.1040391,-1.013922,-0.08984094,0.9067653,-0.05747697,0.6033869,0.05455186,-0.2462813,0.6382014,0.6990314,0.2883315,0.2657753,0.08351839,0.1480353,0.1964637,-0.3002648,NA
Parsed_Batman-and-Robin_g2.txt,1997,Action,PG-13,107325195,125000000,-0.527769142,-1.08243577710522,-0.2282079,0.07374367,0.02899861,-0.5533442,-0.4655375,0.02386034,-0.7987759,0.4067096,0.5664307,1.019127,-0.3564969,0.8830075,0.6202472,0.7919559,-0.1634753,1.026684,-2.196375,0.9602472,-1.506762,0.06725942,-1.575437,1.213684,0.06086999,0.5883706,0.8051404,0.6471312,-0.310562,-0.3076418,1.12163,0.1035437,0.6116704,-0.2230216,-0.3536188,-0.6629126,-0.7482215,-0.8159591,-0.5772306,0.001986883,-1.099278,-0.09365965,-0.7044996,0.02259368,-0.9142143,1.376824,NA
Parsed_Blade-Runner_g2.txt,1982,Thriller,R,32656328,28000000,-0.358536414285714,-0.640560725442274,0.27941,-0.3597701,-0.6728331,-1.1424,-0.7663418,-0.218259,-1.103008,-0.2921815,-0.9691796,-0.3066919,-0.05368128,-0.2894552,0.1295344,-0.3074567,-1.376398,0.2191846,-0.9973993,-0.5117929,-1.354201,-0.1687823,-0.3195816,-1.111065,0.2542139,-1.116499,0.1367417,-0.7027641,-0.8480225,0.8858951,-0.3453641,-0.6832872,-0.6641707,-0.2105939,0.2296546,-1.132146,-0.8902848,-0.7510335,-1.122349,-0.07301105,-0.7795968,-0.2199775,-0.3936084,-1.025335,0.1533545,-1.736451,NA
Parsed_bones_g2.txt,2001,Drama,R,7316658,16000000,-0.74848988125,-1.9913116512113,0.153347,0.222579,1.105868,-0.7445501,0.6379678,-0.1078877,0.2892592,-0.1320921,-0.2153103,0.1087341,-0.6826666,-0.6189748,-0.1925532,0.4573002,-0.3316625,0.7378292,-0.7701022,1.321039,-0.3123293,0.2191841,-0.02033248,-0.06485135,-0.08048724,0.1507059,-0.1571327,-0.4967396,-0.009866268,-0.1897987,0.5884793,-0.5818962,1.278637,-1.570344,0.4276318,-0.882114,-0.2228588,-0.5852872,0.07241851,-0.4940842,0.08069696,-0.3858484,-0.3350699,0.4376111,-0.4527561,0.5561792,NA
"Parsed_Bourne-Identity,-The_g2.txt",2002,Action,PG-13,121661683,60000000,0.115232094166667,0.157343984816861,-0.1434277,0.3071333,-0.8892284,1.688954,-0.4593066,0.4489033,0.6534895,0.6323657,-0.1811157,0.03319087,0.3634767,-0.5217594,0.8934802,0.5443978,0.662576,1.020686,0.4876555,-0.05162964,0.2686111,1.128504,0.4211016,0.2543448,0.1342518,0.3760287,0.296063,0.5760078,-0.2512849,1.272169,-2.333979,0.7556806,-0.2750843,0.7541246,-0.5691732,0.3713528,-0.4492267,0.653919,0.9658553,0.8478692,0.7946886,0.8206755,1.181867,-0.4425738,0.9510703,-0.5940617,NA
Parsed_brazil_g2.txt,1985,Drama,R,9929135,15000000,-0.635931716666667,-1.45771903240977,0.2415789,-0.1365821,-0.08482518,-0.2783948,0.2094121,-0.1011201,-0.2674277,-0.01131278,-0.5190182,-0.4552343,0.2210585,-0.4657936,0.1643202,-0.2989831,-0.8042625,0.302099,-0.3285415,-0.1197819,-0.3446492,0.007990347,-0.3878758,0.2131852,-0.01943113,0.1750929,0.00340932,-0.1225277,0.1568561,-0.2385658,0.3449263,-0.3995849,0.2039915,-0.6937688,0.5886351,-1.45303,0.20732,-0.2146967,-0.1028611,-0.1855379,-0.3803891,-0.09336432,-0.2251029,0.03175898,0.2148049,-0.4217269,NA
Parsed_Bruce-Almighty_g2.txt,2003,Comedy,PG-13,242829261,81000000,0.648840661111111,0.72145198790104,-0.004436561,0.03304035,-0.4164931,0.3857672,-0.7398788,1.803313,-1.446009,1.597032,-0.8598838,1.064036,-1.056728,1.220834,-0.4322165,0.1129222,-0.2618752,0.1180107,-0.09313643,-0.1942968,-0.03004849,-0.2139191,0.1344251,-0.3258783,0.4236613,1.047835,-0.372387,-0.01018129,-0.4522876,0.4243997,-0.4087732,0.08366408,-0.242964,-0.1100705,0.6868424,-0.8573013,0.3323156,-0.8160232,0.3100521,0.2126484,-0.1765298,-0.1755703,1.237499,0.6671323,-1.247226,0.08859455,NA
Parsed_Charlie's-Angels_g2.txt,2000,Action,PG-13,125305545,90000000,-0.234243891666667,-0.385043124833211,-0.07137058,0.2116011,4.223922,-0.5520423,0.05340393,-0.02764858,0.01675971,-0.03865361,-0.1459527,0.3585625,-0.2288807,0.2122819,0.2134748,-0.1801796,0.2944443,-0.05878622,0.006051446,0.05719451,-0.1155975,0.2116203,-0.2521639,0.08855407,-0.1500407,0.01169893,0.00819558,0.03458589,-0.09778362,0.116464,-0.1028743,0.04254079,-0.01582459,-0.2185501,0.06026968,-0.127175,-0.03974958,-0.2332634,0.1242801,-0.2831682,-0.1106382,0.07390671,0.1484795,0.03149751,-0.09663518,0.1181499,NA
Parsed_Collateral-Damage_g2.txt,2002,Thriller,R,40077257,85000000,-0.740676572352941,-1.94717554768781,-0.1564321,0.6173648,-1.320486,1.072027,-0.7820016,0.3692027,-0.09430645,0.711344,0.05870172,0.5838667,0.43902,-0.465085,0.7737615,-0.8573586,0.9372141,-0.4288265,0.2409985,-0.3042151,0.407167,-0.09494424,0.1102579,-0.2710099,-0.02561429,0.08126474,-0.5648883,-0.3384229,-0.2999194,1.556905,-0.8381203,0.7244676,-0.4489837,-0.1166427,0.1953503,-0.2364451,0.1281003,0.6072427,0.1704259,0.3667647,0.3213233,0.1710047,-0.4157852,0.01659872,-0.1364765,0.02523975,NA
Parsed_Dances-with-Wolves_g2.txt,1990,Drama,PG-13,184208842,19000000,4.33236121578947,2.41477451234309,-0.2741664,-0.0431208,-0.2822947,-0.05186529,0.03754186,-0.4206954,-0.1967238,-0.1471429,-0.1417103,-0.170687,-0.113566,-0.1676095,0.0101469,0.4440329,-0.2870041,0.2424152,0.3291383,-0.547141,1.89162,-0.8435535,0.503029,-0.01467176,-0.2583841,0.09526968,0.2790501,-0.5146496,1.128769,1.058207,0.2557311,0.8660679,0.1659913,0.1942164,-0.02425605,0.9999125,0.1236014,0.6847912,0.6884585,0.2934562,0.0557711,-0.0750463,0.5898692,0.3760867,0.5084523,0.1218722,NA
Parsed_Day-of-the-Dead_g2.txt,1985,Horror,R,5804262,3500000,-0.087901685714286,-0.132738755269383,0.2231359,-0.4405519,-0.6340706,0.2001071,-1.10813,-0.32406,-1.193301,-0.4531682,-0.7361112,-0.7383573,-0.4239067,-0.7962205,0.2350839,-0.4968581,-0.2372162,-0.5974936,-1.13612,-0.07274027,-0.1869972,-0.7227222,0.2559548,-0.5924626,-0.008301245,0.061052,-0.01171909,-0.2455055,-0.05461156,-0.2248187,0.4408144,-0.04030818,-0.3861189,0.2030632,-0.06077308,-0.1989699,-0.1364708,-0.174261,-0.5881974,-0.2561298,-0.4624422,-0.7833726,-0.2254845,-0.6132377,-0.6723294,0.637163,NA
"Parsed_Deer-Hunter,-The_g2.txt",1979,Drama,R,50000000,15000000,0.833333333333334,0.874469117916141,-0.1741714,0.8927718,0.03598302,0.4221423,0.0390685,1.166125,-0.6519797,1.054376,0.05407742,0.2304881,-0.1280428,0.4343018,0.2046568,0.09560762,1.306326,0.1739367,1.071427,0.4412395,0.5261109,0.257846,0.9511049,-0.2847013,0.607424,-0.0440184,0.6985754,0.2489936,-0.8828175,0.8489768,-0.2717845,0.9302596,-0.2028089,0.3826756,0.5765987,-0.07655855,1.049288,0.2633787,0.1622382,-0.2996505,1.070134,0.1257111,0.7982531,0.3266727,0.7169865,1.040463,NA
Parsed_demolition-man_production_g2.txt,1993,Action,R,58055768,57000000,-0.439812764912281,-0.836018985601082,-0.1777709,0.2696205,0.07041268,0.4342898,0.8360848,0.4904842,1.074525,0.302247,0.5313653,-0.1649637,0.9293099,-0.6540373,1.011708,0.1622503,0.8031164,0.8430064,0.4256678,-0.6898605,0.7850906,-0.119533,-0.07736154,0.805661,0.2184581,-0.3085922,1.215532,-0.5498538,0.4692893,1.230789,-1.031637,0.5687224,-0.7218273,0.03186314,-0.1194641,1.094304,-0.03446578,1.370139,0.3732935,0.7627015,1.285418,-0.01124731,-0.06138137,-0.3187912,0.5572626,0.7484101,NA
Parsed_Devil-in-a-Blue-Dress_g2.txt,1995,Thriller,R,16140822,27000000,-0.671205477777778,-1.60474183123475,-0.08582634,0.1133812,0.6874376,-0.1654382,0.6425729,0.08864837,0.3527251,0.473657,-0.1454837,0.3445027,-0.0249668,-0.09762304,0.1215553,-0.01455589,0.0967202,0.4544266,1.1641,-1.109242,0.3294413,-0.2874528,0.3267163,-0.2447177,0.5381829,0.2240736,-0.1602568,-0.3335553,0.7839106,0.6085407,0.6001053,0.455793,0.1446364,-0.1991284,0.3603223,-0.1275659,0.3779341,0.7631701,0.1212084,1.019902,0.2409913,0.2503186,0.3138626,-0.4081287,-0.6640383,0.4547577,NA
Parsed_Disturbia_g2.txt,2007,Thriller,PG-13,80209692,20000000,1.20576653,1.14128009653388,0.2462625,-1.580723,-3.462525,-0.8155033,0.02590997,-0.5681652,-0.2212871,-1.149204,-0.1519038,-0.8861441,-0.09044543,-0.7902485,-0.2194521,-0.2173371,-0.9046628,-0.181433,-0.4474271,0.2176297,-0.6448797,0.3412493,-0.09191446,-0.1183636,-0.8029238,0.3285805,-1.223126,-0.7642679,0.1039053,-0.1166702,-0.0614002,-0.2478853,-0.770268,0.1507739,-0.9718158,-0.6433054,-0.8099441,-0.3095038,-0.3050121,-0.2171471,-0.7121934,-0.6218932,0.2463921,-1.141478,0.1633599,-0.5920144,NA
Parsed_Drop-Dead-Gorgeous_g2.txt,1999,Comedy,PG-13,10571408,10000000,-0.41857256,-0.782328934975379,0.130521,-0.03209976,-1.642607,-0.1436553,-1.382222,-0.09832555,-0.3907373,-0.1369692,0.1662341,-0.9105579,-0.5379771,0.2327513,-1.032199,0.4084514,-0.6844264,0.6127329,-0.3506502,0.09121302,0.2828809,0.4287896,-0.2712848,0.3348772,0.7280976,-0.2103526,0.006561615,-0.6293258,-0.1824374,-0.1915361,-0.2869019,-0.01728843,-0.3468752,-0.07932644,-0.1818601,0.005017265,0.01172034,-0.05954193,-0.4351557,-0.5600656,0.2406216,-0.9486833,0.438548,-1.686554,0.4777124,-1.738956,NA
Parsed_Dumb-and-Dumber_g2.txt,1994,Comedy,PG-13,127175374,17000000,3.11449739411765,2.04071620918885,0.1210495,-0.263985,0.4974839,-0.4855874,-0.1262612,0.5056153,-0.2141402,0.6743126,-0.7453394,2.080675,0.6773401,2.765117,0.06328666,0.7152068,0.2004558,-0.04310857,1.123362,1.14906,0.8381309,-0.9300466,1.764463,-1.169549,2.896252,-0.2153411,-0.1014325,0.01711661,-0.03771823,-0.1986417,0.1506183,-0.0667533,-0.5480319,-0.03416921,-0.1488237,0.3594395,-0.2963474,0.07120641,-0.1985162,0.1450285,-0.5375633,0.5105117,-0.476428,-0.2203379,-0.232811,-0.3458755,NA
Parsed_eight-millimeter_g2.txt,1999,Thriller,R,36443442,40000000,-0.4989026725,-0.996837251417972,0.04847217,0.4227555,-0.001888571,0.7274041,-0.1660521,0.7805271,-1.015346,1.354693,-0.659497,0.1748856,-0.08103464,0.7505506,-1.095852,0.5851292,0.2764657,-0.5687598,-0.4752419,-0.2587722,0.2222569,-0.2041395,-0.6443408,0.8587544,0.3056514,0.05120431,0.9409953,-0.9602063,0.4956701,-0.1372632,0.3802521,0.3192832,0.5812889,0.01468437,0.4974743,0.5237248,0.471912,-0.05177824,0.7352968,0.3193023,0.1928248,0.669294,0.6947116,0.1783264,0.2459967,0.7207758,NA
Parsed_Enemy-of-the-State_g2.txt,1998,Action,R,111549836,85000000,-0.278206943529412,-0.470342830072321,0.1928907,-0.5512467,-1.819403,1.157244,-1.210519,-0.2961154,-0.1634254,-1.44589,-0.4392365,-0.220499,-0.2912627,-1.154674,0.3544951,-0.6205777,-0.02103538,0.1618657,0.351048,-0.5199692,-0.4292191,0.7026977,-1.090057,-0.3985804,-0.03986573,-1.022812,-0.4443863,-0.3783037,-0.7297986,-0.3405377,-0.2389654,-0.7949211,-0.6324169,0.1010108,-0.1119901,-0.06248072,-0.9070444,-0.0567551,-0.8902409,-0.4439997,0.3900484,-0.5565465,-0.8240339,-0.7066699,-0.5719901,-0.2335235,NA
"Parsed_English-Patient,-The_g2.txt",1996,Drama,R,78716374,35000000,0.236971591428572,0.306812367431704,0.4652561,-0.1371519,-0.339714,-0.3926685,-0.3426959,-1.432308,1.219664,-1.907252,1.32845,-1.195549,0.2157614,-1.248083,-0.7571655,0.09869622,-0.3136744,0.2622136,-0.295033,0.2891217,0.03886203,-0.3887943,-0.9782624,-0.08201834,-0.8164825,0.001534691,0.01883349,-1.460447,0.4960196,-1.463584,-0.5811491,-0.7337598,-0.3817736,-1.205773,-0.7090833,-0.675581,-0.872626,-0.1684073,-0.3819692,-0.4960251,-0.1247531,-1.155503,-1.105994,-0.2645344,-1.525755,1.488357,NA
Parsed_Eternal-Sunshine-of-the-Spotless-Mind_g2.txt,2004,Comedy,R,34366518,20000000,-0.054920755,-0.081492790341756,0.06322764,0.04564354,-0.1267255,-1.179028,0.6099108,-0.2424427,-0.02913072,0.4778724,-0.6549926,-0.1528522,-0.7889583,-0.06628007,0.6107159,-0.3250811,0.01530467,-0.4554296,0.2821035,-0.375781,-0.4371186,-0.3404309,0.07815978,-1.019726,0.2988751,-1.022512,0.5650235,-0.488888,-0.8783875,0.4465814,0.1676505,0.2236791,0.386507,0.5873305,-0.123988,0.8828941,-1.336068,0.0239456,0.02234703,-0.3454619,0.4430446,0.0816811,-0.5335505,-0.03198514,-0.7453725,0.2426238,NA
Parsed_Excalibur_g2.txt,1981,Action,R,34200000,11000000,0.71,0.773996325111173,0.299842,-0.2375429,-0.1431121,-1.50014,-0.1142272,-0.2628909,-1.399755,-0.8553166,-0.8641884,-0.08126531,-0.1448249,0.2540797,0.1785387,0.2938013,-0.52935,-0.04849999,-0.9767108,-0.3424573,0.1907598,-0.9345807,0.2209368,-0.8685099,0.6731065,-1.12549,0.4569032,-0.8146811,-0.2941942,0.1909662,-0.4309333,-0.4866282,-0.5146182,0.2851666,-0.2926167,-0.06160722,0.0006093169,-0.1312621,-0.348833,-0.1652469,-0.05005668,-0.629482,-1.3369,0.2243485,-0.2458339,0.06042428,NA
Parsed_Fantastic-Four_g2.txt,2005,Action,PG-13,154696080,87500000,-0.02762464,-0.040414758962305,-0.4675483,0.5730742,1.084135,0.9496499,0.5533386,0.2827156,0.9933011,-0.2331546,0.8574174,-0.2610894,0.3716798,0.3104142,0.6833599,0.3560616,0.2064698,0.391127,0.5758695,-0.03998144,0.131776,0.7871144,0.4929257,0.8075988,0.4995565,0.7454331,0.5902551,0.3092982,0.05993734,0.6071123,0.2086831,0.9261375,0.2992449,0.8067988,0.5964035,0.0359987,1.055933,0.4881382,0.2200869,-0.02419216,-0.6436627,0.4215918,-0.2887344,-0.6963419,-0.7717692,0.9151238,NA
Parsed_Fight-Club_g2.txt,1999,Drama,R,37030102,63000000,-0.676721331746032,-1.62914978142136,-0.04395997,-0.1696926,-0.5383226,0.4391644,-0.4529435,0.4556011,-0.0163086,0.9998295,0.1165551,-0.3235103,0.02708525,0.1207002,-0.1879916,0.3132428,-0.5526003,-0.2784807,-0.3098724,-0.4445576,0.1762039,-0.1729849,1.08913,-0.4770566,0.115263,0.2840982,-0.3797003,-0.1037323,-0.8118436,0.2296271,-0.3334126,-0.2483515,-0.2763375,0.3832607,-0.6603298,-0.5373257,-0.8333893,-0.5443345,0.3452419,-0.5493999,0.6678445,-0.6387239,0.8833467,-0.4781889,0.2832728,-0.1906326,NA
Parsed_Final-Destination-2_g2.txt,2003,Horror,R,46961214,26000000,-0.006589703846154,-0.009538395290472,0.03366622,-0.05394653,-0.3062766,0.06239608,-0.1834595,-0.0716004,-0.1371591,0.1265242,0.1592091,-0.2023306,0.2056861,-0.7540109,1.097816,-0.3079476,2.542045,1.402211,-0.7744502,0.1851352,-0.1171507,-0.1127849,-0.1934652,0.003147193,-0.1946442,0.01224574,-0.10983,-0.1259092,-0.2246571,-0.1714103,0.09919076,-0.1547106,-0.1471087,-0.06151666,-0.2229949,-0.1426096,0.06544258,-0.2271343,0.09545889,-0.2937382,0.07025661,-0.09420828,0.1765978,-0.4064709,0.3752807,-0.4506375,NA
Parsed_Frozen-River_g2.txt,2008,Drama,R,2511476,1000000,0.3813118,0.466039012239104,0.0385878,-0.08081523,0.3282755,-0.6803534,0.9510028,-1.645433,0.4015705,-0.115833,0.2583518,0.006756185,-0.002374927,0.1192903,-0.09811631,0.05112547,0.0224821,0.1535343,-0.006800982,0.0236468,0.1564815,-0.07537342,0.06455253,0.03253803,0.1047116,0.05864589,0.1741907,-0.0123082,0.1766593,-0.08946881,0.2982088,-0.5212109,1.136533,-1.972548,0.08798664,0.08712278,0.04469519,0.1016872,0.2873703,-0.1960979,0.01648664,0.09995909,0.04086819,-0.1175121,0.3338108,-0.1676692,NA
Parsed_game_6_g2.txt,2006,Comedy,R,129664,1000000,-0.9286848,-3.8096465867731,0.6063347,-0.4616411,0.3432367,-0.6536153,0.01415898,-0.7546595,-0.1731294,-0.7120877,-0.2010852,-0.4831827,-0.3023796,-0.2266441,-0.4892632,-0.2496918,-0.5172417,-0.7108509,-0.5834257,1.148932,-2.940283,-1.611862,0.009376183,-0.8575624,0.6971676,-0.962932,-0.1199475,-0.3379648,-0.4192788,-3.154344,1.186565,-1.936012,0.209141,-1.016056,-1.624877,-0.6836662,-0.1406428,-1.017915,0.1501549,-2.167656,0.07009093,-0.3641572,-0.129077,-0.7053359,-0.4910082,-0.2447065,NA
Parsed_Gattaca_g2.txt,1997,Drama,PG-13,12532777,36000000,-0.808527018055556,-2.3847872618218,-0.06643122,0.1656788,0.3985398,0.01217304,0.5315099,-0.3608191,-1.063108,-0.8380325,-0.05405686,-0.641432,0.2591065,-0.2500793,-0.2143723,-0.3981262,0.2923425,-0.4815576,0.7456426,0.3343523,-0.09235831,-0.05694566,0.1446375,0.0301604,0.3562446,0.6916598,-0.3586794,0.0790446,0.2567048,0.07440199,0.214285,0.5520764,-0.1384387,0.6696708,-0.101564,0.6812771,0.4797149,0.03509064,0.6079509,0.4384898,0.3779196,-0.4856819,0.2391886,-0.223197,0.246775,0.2444786,NA
Parsed_Gladiator_g2.txt,2000,Action,R,187705427,103000000,0.002310532524272,0.003329548778748,-0.02932002,0.2528686,-0.8738864,-0.06718652,0.229393,0.625111,0.5752653,0.1780746,-0.3633266,-0.3275122,-0.1737708,-0.391949,-0.3603845,0.03019034,-0.1670234,0.6141803,0.3838232,1.667158,-0.5057768,0.1366676,0.714638,0.3926318,0.3105222,1.0369,-0.1677969,0.8371056,0.4388619,-0.8581422,1.142406,0.394593,-0.3699481,-0.595111,1.221268,-0.1809716,0.7347544,0.3779418,-0.08771851,-0.1430067,0.6697114,0.1475644,-0.004618381,0.9710238,-0.6417329,1.610741,NA
Parsed_Gone-in-60-Seconds_g2.txt,2000,Action,PG-13,101643008,103300000,-0.45882231945789,-0.885825754529323,0.2143695,-0.2896057,-1.257917,0.8754492,-1.401145,-0.03003913,-0.206326,-0.1766336,-0.2530878,-0.1645987,0.3490624,-0.4258277,0.1227191,-0.1372358,-0.549796,-0.1656725,-0.4267656,0.2434722,-0.8133397,0.1721769,-0.5774855,0.2617816,-1.08236,0.06964882,-0.7163455,-0.1749092,-0.590038,-0.10143,-0.4796772,-0.1241988,-0.2788088,-0.1991155,-0.4663914,-0.9841298,0.02242591,-1.164311,0.7521158,-1.309484,-0.3337083,-0.7117824,-0.5647749,0.3235515,-0.3874994,-0.8063143,NA
Parsed_Gran-Torino_g2.txt,2008,Drama,R,148095302,25000000,2.258096644,1.70402939875343,-0.1250512,0.1357014,-0.2911429,-0.1690506,0.1326525,-0.3586535,1.370482,-0.8642217,1.530842,-1.570615,1.452252,-0.5279289,0.8450093,0.4535465,-0.85915,1.193968,-0.6154433,0.3230617,0.1794308,0.1747037,0.2998157,-0.2134342,0.5252839,0.1313848,0.4446455,-0.4967047,0.5562206,-0.05403617,0.07820278,0.1432139,0.1331892,0.128965,0.4075673,0.7389894,-0.1756714,0.9573061,-1.149324,1.306482,-1.518454,0.07334143,0.4742205,-0.08246264,1.12151,-0.5246601,NA
"Parsed_Green-Mile,-The_g2.txt",1999,Drama,R,136801374,60000000,0.254012595,0.326551838293691,-0.2024316,0.2712465,0.2898963,0.2167327,-0.05855839,0.5474043,-0.5951839,0.719258,0.2053071,0.3339771,-0.09530416,-0.03566776,1.142026,-0.3469518,0.7224064,0.2297684,0.0876337,-0.2394265,1.263514,-0.4290552,-0.1827786,-0.3552664,0.2304564,0.9042342,0.4459612,0.815647,0.2140378,-0.02357131,-1.017877,-0.8702992,0.7540272,0.4620574,0.2160108,0.3314017,-0.3530975,0.09975577,0.725106,-0.618692,0.7470052,-0.7382364,0.4218688,-0.674637,0.5319349,0.3742273,NA
Parsed_Gremlins-2_g2.txt,1984,Comedy,PG,148168459,11000000,6.40842295,2.88916646501949,-0.09662995,0.5554657,0.4742963,0.3317244,-0.465812,0.553582,-0.1661298,-0.398293,0.1808622,-0.5860575,0.8412479,0.5542022,-0.02737181,0.1787847,-0.3480332,0.6740899,-0.7512083,0.5677307,-0.6364833,0.8298868,-0.366403,0.4961576,0.5145846,-0.3183779,0.5515205,-0.03023794,0.1861496,0.1901599,0.1475147,0.4106191,0.06277231,-0.08359714,1.140179,0.2127029,-0.2748193,0.4571883,0.1245127,0.4408863,-0.2172364,0.3535993,-0.332963,0.1385213,0.003955904,-0.1522158,NA
Parsed_Groundhog-Day_g2.txt,1993,Comedy,PG,70906973,14600000,1.67115309246575,1.41746266388457,-0.134018,-0.01900469,-0.1038351,0.5981249,-0.1883257,0.6824887,-0.5695163,0.1196281,0.1449801,0.5705714,-1.031595,1.038033,-2.913905,1.258539,-0.6764233,0.5563119,0.4076517,-0.2315205,0.204196,-0.4837748,0.2841339,0.3426517,0.08977748,0.2957034,0.1975113,0.2247643,0.07660161,0.2129983,0.3668524,0.2784023,0.2824387,0.4164662,-0.09052743,0.311225,0.1376739,0.3952189,-0.3423556,0.5277055,-0.3215899,0.4194663,0.3963568,-0.3521719,1.511642,-2.496524,NA
"Parsed_Grudge,-The_g2.txt",2004,Horror,PG-13,110359362,10000000,5.06976491,2.60164064008142,0.0648186,-0.05789681,-0.5535909,-0.1442733,0.332649,-0.3604715,0.1716512,-0.0980688,0.448978,-0.4583472,0.3755271,0.4049518,0.1139983,0.6394545,0.03181954,0.4685654,0.2628885,0.3064008,0.4708899,0.03783095,0.8304475,0.1470165,0.5341348,0.3295974,0.7080578,-0.6539712,-0.2265504,0.1776475,-0.8484227,0.4388338,0.7873536,-0.3102309,-0.03794647,-0.7513088,-0.3450718,0.04223644,0.01313012,-0.9480695,0.1903948,-0.6088184,0.01092151,0.1085341,-0.1499057,0.3397267,NA
Parsed_Harold-and-Kumar-Go-to-White-Castle_g2.txt,2004,Comedy,R,18250550,9000000,0.115311388888889,0.157446559013182,0.03626809,0.8075738,0.4912692,0.9838234,-1.473844,0.1726465,0.1113188,0.0177181,0.2355074,-0.3365711,-0.453478,-0.2091603,0.0507077,-0.3365857,0.3383429,-0.2185463,0.09692362,-0.8177861,0.5094195,-0.2657843,0.4724447,-0.5921302,0.471609,-0.3811062,0.1120567,-1.034937,0.5698826,-1.404949,-1.398682,-0.7744896,-0.05510146,0.04152045,-1.092938,-1.72406,1.156473,-0.2847368,-1.865968,0.2468192,-1.810988,-0.124333,-0.1238025,-0.4285529,0.4198002,-0.07742595,NA
"Parsed_Haunting,-The_g2.txt",1999,Horror,PG-13,91188905,80000000,-0.373076278125,-0.673638174614553,-0.4618384,0.325205,0.6122362,-1.056855,1.610067,-0.4283506,0.1959505,0.5278708,-0.3922143,0.6010826,0.1135084,0.4567251,0.1111514,0.6588011,1.199836,-0.0858028,-0.3060649,0.2197285,0.509721,-0.03477741,0.6276684,1.062886,0.7409287,0.01727033,0.4972405,-0.4223913,1.128684,-0.7514106,1.236842,0.1647469,-0.3489206,0.3257194,0.564701,-0.3058395,1.124495,-0.504085,1.054522,-0.6123674,0.8833986,-0.0664723,0.8484081,-0.6201823,0.952434,0.3213987,NA
Parsed_Heat_g2.txt,1995,Drama,R,67436818,60000000,-0.381829168333333,-0.693922512516896,-0.3854485,0.02510446,0.4494114,-0.0841507,0.08983707,0.07103005,0.04554477,0.08416496,0.1057365,-0.1275818,1.282074,-0.4725629,2.597606,-0.01616098,0.9001439,-1.056935,1.074267,0.6295416,0.2502645,-0.1126363,0.1298472,0.4824383,0.364536,0.2783018,0.2840047,0.2619932,0.1871238,-0.05358652,-0.02315955,-0.201675,0.4626039,0.4193636,0.175609,0.4524341,0.5898896,0.8739915,0.3704362,0.9971812,1.323993,-0.790367,1.181845,-0.5560441,0.3853142,-0.1386898,NA
Parsed_Heavenly-Creatures_g2.txt,1994,Drama,R,3049135,5000000,-0.66459515,-1.57602454426668,-0.3303665,-0.2784357,-0.1660417,-0.3310069,0.08139861,0.5297434,0.5441948,-0.313461,0.2150491,-0.4590669,0.7150222,0.1600043,-0.04320204,0.06002028,0.9009133,-0.09126628,-0.2667387,0.7496821,0.1677003,0.5190903,-0.1328779,0.121654,0.2566594,-0.7775454,2.918097,-0.7615024,0.810727,0.1821337,0.2956366,0.3048358,0.3770178,-0.1524694,0.3259923,0.3032367,0.526228,-0.4610547,0.1046381,0.09117665,0.1399548,0.2881024,0.5117244,0.4094481,-0.1246346,0.1201782,NA
Parsed_Hellboy_g2.txt,2004,Action,PG-13,59623958,60000000,-0.453447051666667,-0.871566828454639,0.2876103,-1.070068,-1.155525,-0.4944512,0.08498554,0.1402456,-1.079337,0.1366099,0.5459195,-0.7889046,0.4011974,-0.6870069,0.1259897,-0.4419708,0.08262755,0.178154,0.4214462,-1.040481,0.4116375,-0.7534095,-0.5581405,0.5220097,0.137631,-0.7985363,0.4550745,-0.284297,0.5751883,-0.3173057,0.2614738,-0.7475036,0.2445337,-0.9586024,-0.2390544,-0.02212401,-0.8854686,0.356897,-0.5743088,0.0682611,-0.2314921,-0.03145718,-0.03734712,0.345886,-0.9973726,0.2311014,NA
"Parsed_Hitchhiker's-Guide-to-the-Galaxy,-The_g2.txt",2005,Comedy,PG,51019112,45000000,-0.376433075555556,-0.681383688990042,-0.01026726,0.1076216,0.2056469,-0.07228795,-0.08697129,0.07454562,0.8528651,-0.442519,0.7481838,-0.1573747,0.3226673,-0.05362063,0.3822377,-0.5964864,1.203627,1.790311,-0.9552396,1.364865,-1.006131,0.5086379,-0.4058391,0.1709963,-0.05204886,1.755016,-0.5164046,-1.276683,-0.5813141,0.7081523,-0.156777,0.4875354,-0.2770972,0.5441357,-0.2682743,0.9690651,0.8422455,-0.2770405,0.540298,-0.2415019,0.1739772,-0.1920666,0.7035382,-0.4141844,0.1504018,-0.1857965,NA
"Parsed_Horse-Whisperer,-The_g2.txt",1998,Drama,PG-13,75383563,60000000,-0.308984005833333,-0.533208991454886,-0.1841859,-0.7375222,-1.879983,-0.0848105,-0.3720248,-0.7241272,0.2749013,-0.846612,-0.2208067,0.1938974,-0.2588658,-0.118378,-0.2958446,0.7857608,-0.08999871,-0.9866724,1.01378,-0.4992605,0.1680656,0.5121597,-0.4057532,0.6458616,-0.5319373,0.004622269,-0.3464168,0.111897,0.3707754,1.160389,0.00008997186,0.9556599,-1.171103,-1.093007,0.3825988,-0.6734291,0.6799834,-1.170525,0.5403138,-0.88061,-0.3558183,-0.3864339,0.3752887,0.6607136,0.1365741,-0.4262597,NA
Parsed_hotel_rwanda_g2.txt,2004,Drama,PG-13,23530892,17500000,-0.26045768,-0.435295387580358,-0.6280269,0.1294975,0.1021281,0.7559393,-0.2426178,1.31818,0.2010544,0.6758853,-0.654388,1.00051,0.426005,1.158357,0.3382989,0.452013,-0.5985992,0.7423695,-0.4668888,0.2951644,0.09342583,1.37615,0.1464518,1.22156,-0.03297339,0.1358982,0.5427662,-0.223107,0.9536609,0.9827827,0.8857414,0.7562776,1.573532,0.3664361,0.566373,0.4071342,1.075616,0.080712,0.7657598,-0.3910432,0.6669406,0.6377698,0.6059265,1.167147,1.012596,-0.3971843,NA
Parsed_Hudson-Hawk_g2.txt,1991,Action,R,17218916,65000000,-0.85430148,-2.77894187225162,0.02477041,-0.2807869,-0.6735972,0.2942584,-1.167614,-0.003506234,-0.1739223,0.6886601,-1.463535,-0.7092682,-1.57549,-0.2046372,-0.05208257,0.1159367,-0.330684,-0.1790096,0.374752,0.1612224,-0.5725779,-0.571313,0.3266216,-0.0008968748,-0.224831,0.4110979,-0.9311089,-0.4591119,-0.7319393,-0.5971067,0.4181058,0.7584798,-0.5849919,0.7098007,-0.1865161,0.6963811,-0.1512553,0.3214395,-0.2204524,-0.2242424,0.9708291,-0.9499991,0.6942744,-0.5832784,0.3813675,-1.065072,NA
Parsed_IAmLegend_g2.txt,2007,Horror,PG-13,256393010,150000000,-0.059892296666667,-0.089102046433443,-0.6625579,0.06722432,1.111487,-0.1244878,0.7504176,0.3746036,-0.01064476,-0.006061369,1.007234,0.3894227,1.156517,0.634044,1.225524,0.9130395,1.047358,0.5717936,1.307019,1.062623,0.5859887,1.009691,0.7860384,1.078171,-0.3378753,0.9738695,0.6825783,0.7660111,0.8969024,1.283195,0.1443628,1.431442,-0.2107617,1.213211,0.2090141,1.374961,0.564073,0.03533056,1.275145,-0.2971012,0.2978927,0.478878,0.3430844,0.6428292,-0.1578471,0.4713484,NA
"Parsed_Ice-Storm,-The_g2.txt",1997,Drama,R,8038061,18000000,-0.754392580555556,-2.02557395179316,-0.8596753,0.171873,0.3831935,1.013192,1.032002,0.7127461,0.809467,0.5699928,0.2040741,2.109718,-0.7460516,0.7156005,0.9210324,1.014049,0.7825409,0.4745942,0.5733232,0.3969994,0.3708676,0.5159646,0.9797461,0.3322672,0.7356236,1.263806,-0.2172202,1.050599,0.5438058,1.040488,0.9511762,0.4304562,0.199929,0.7990111,0.9215906,0.409447,0.6305321,0.5796799,0.3247605,0.5599616,-0.5870879,1.44091,0.09708664,0.1759476,1.109927,0.3272349,NA
Parsed_Independence-Day_g2.txt,1996,Action,PG-13,306169255,75000000,1.24524120333333,1.16687044013814,-0.3079052,0.1024441,0.2623305,0.2351597,0.7307398,0.2135512,1.108593,0.1128996,0.7204065,0.2666425,0.0280516,0.3313563,0.7766073,0.5637612,-0.06152209,0.5529428,-0.09941247,-0.08206626,0.4230226,-0.5150294,1.503945,0.004706646,0.3361219,0.7544127,-0.08980102,0.6748115,0.6361358,0.004864592,0.8882572,-0.1397177,0.6227024,0.07977831,0.1669002,0.1457293,-0.4109504,0.6235522,-0.365295,-0.5939392,0.1752566,-1.196781,-0.8312066,-0.5536985,0.175981,0.7902804,NA
"Parsed_Insider,-The_g2.txt",1999,Drama,R,28965197,68000000,-0.765722671323529,-2.0937107454177,-0.3455621,0.9157131,0.3058042,0.6842515,1.818309,-0.02504004,1.282674,0.3035643,0.2963082,0.8162258,-0.1151276,0.4727153,0.01366126,0.2571454,1.62471,0.2512777,0.005249487,1.566191,1.049199,0.727025,-0.6142275,1.609312,-0.8299203,1.417097,-0.1227742,0.761312,1.277611,-0.5675603,1.071097,1.162758,0.7346515,1.290036,0.4790172,-0.156416,2.164433,-0.3877014,1.153943,0.2505385,0.4240532,-0.3048703,1.088733,-0.1926849,1.023204,0.1488936,NA
Parsed_insomnia_g2.txt,2002,Thriller,R,67355513,46000000,-0.194662344565217,-0.312334303354197,-0.1975606,0.544694,1.156051,-0.9687141,0.4443134,0.4520646,0.04975285,-0.04803015,1.316327,0.05466763,0.9802786,0.4334429,0.5382214,0.1016967,0.5058133,0.8391218,0.2833774,0.3177041,1.100559,0.6527954,-0.8778959,0.2894388,-0.4477731,0.234457,1.081253,0.1708385,1.13717,0.00192337,0.6357787,1.280516,-0.5055392,1.152183,0.3155658,0.3668822,0.5045747,0.2379953,0.8895514,0.06967468,0.9356767,0.6946711,0.9691885,0.7359419,0.7453324,1.213479,NA
Parsed_interview_with_the_vampire_g2.txt,1994,Horror,R,105264608,50000000,0.157910688,0.2115239796237,0.8556141,-1.366185,0.1585185,-0.6876483,-0.8714428,-0.4149675,-1.418543,0.1408997,-1.206841,-0.02107935,-0.5943906,0.293374,-0.1410533,-0.5243124,-0.4036045,-1.673323,-0.3135467,-0.2002828,-1.079859,-0.3845052,-0.9452435,0.3370671,-0.9203572,-1.37443,-0.6160721,-1.165686,-0.6434167,-0.6624231,-0.4415306,-1.258034,0.6042839,-2.054324,-0.1854644,-1.499263,-0.7260593,-1.126786,-0.9216406,0.2688358,-1.106719,-0.2231761,-0.06313779,-0.8974929,-0.8094184,-1.070538,NA
Parsed_IRobot_g2.txt,2004,Action,PG-13,144801023,120000000,-0.336328644583333,-0.591459087177842,-0.2205734,-0.1303369,-0.2497242,-0.0887436,-0.1056262,0.6568816,0.2165607,0.2927542,-0.08212976,-0.7663246,0.5250153,-0.101713,0.5467181,-0.413434,1.195025,0.06298588,0.56554,-0.8222034,0.8022419,-0.5764984,0.8542381,0.06501636,-0.7611636,0.5842156,-0.2260996,0.4658036,-0.2876855,1.073749,-1.668146,1.930125,-1.415888,-1.224015,-1.662355,-0.6170048,-1.713159,0.1092634,0.04799116,0.3272844,-0.1045865,-0.1422049,-0.1173577,-0.1895173,0.109281,1.181304,NA
"Parsed_Island,-The_g2.txt",2005,Action,PG-13,35818913,120000000,-0.835829982083333,-2.60673742058829,-0.04047256,0.05097561,-0.4520217,0.0855626,-0.3336185,0.4045878,-0.1983081,-0.117948,-0.05649886,-0.6727686,0.1423149,-0.290765,-0.4315437,-0.07048451,-0.3689686,-0.1616567,-0.4954076,-0.5957787,0.169869,-0.04081044,0.1049924,-0.4225207,-0.04410438,-0.3841707,0.1146288,-0.3657808,-0.5556837,0.04168154,-0.324515,0.1936469,-0.3418556,-0.2128026,-0.08172397,-0.8248125,1.157903,-0.3885575,-0.1859332,0.1457565,-1.467256,1.855456,-0.8227229,-0.1685929,-0.1316243,0.09149535,NA
Parsed_IStill-Know-What-You-Did-Last-Summer_g2.txt,1998,Horror,R,40020622,24000000,-0.082860745833333,-0.124787292317915,0.2322014,-0.209186,0.5299656,-0.2009156,-1.003414,0.6747448,-2.226565,0.7699648,-0.5566282,-0.3461472,-0.0139782,-0.6420607,0.2807496,-0.671014,0.388693,-0.3331628,0.2167837,0.1129451,-0.2644295,-0.14095,-0.003535915,0.6441805,-0.3497642,-0.01075542,0.5174092,-0.152222,-0.3451667,-0.1931407,-1.104802,0.3709788,-0.3249928,-0.569821,0.4668613,0.02886592,0.5177554,0.4368665,0.1323535,0.1139268,1.002314,-0.8097616,-0.9234347,1.104591,-1.716419,0.854697,NA
Parsed_Juno_g2.txt,2007,Drama,PG-13,143495265,7500000,9.5229861,3.39547225012217,0.6714956,-0.4851898,-0.6934649,-0.3843044,-0.4741244,-0.8514394,-0.4030652,0.6248214,-1.425478,0.6901392,-0.5615277,-0.687157,-0.7088123,-0.741501,-0.4824063,-0.03560586,-1.197335,-0.4621513,-1.052984,-0.6726815,-1.241947,0.09479304,-1.191863,-0.5759191,-1.100668,-0.7236131,0.1263249,-0.1257047,-1.268093,-0.224022,-0.9957629,-0.7502049,-0.3344283,-1.268242,0.0850628,-0.5255674,-1.060171,-0.05978402,-0.4768712,-0.9611523,-0.3734885,-0.2961666,-0.6635453,-0.4555529,NA
Parsed_Kalifornia_g2.txt,1993,Thriller,R,2395231,8500000,-0.845014464705882,-2.68979451895701,-0.08060275,-0.05437158,-0.440096,0.1054492,-0.3130098,0.1480727,-0.1895928,0.7709272,-0.2511822,0.3397754,-0.5585264,0.6672936,-0.02981488,-0.2700569,0.2046581,-0.1860688,0.2424644,-0.4161868,-0.5019249,0.2730415,-0.1264392,-0.1924675,0.03267989,-0.08662734,0.1312412,-0.02011451,-0.3496849,-0.3106165,-0.2634793,0.4878925,-0.5459674,0.5716368,-0.8944088,1.520822,-0.883103,0.2226566,-0.735396,0.2046557,-0.1522557,-0.473947,0.03882175,-0.4240936,-0.0376441,-0.175128,NA
Parsed_knockedup_PDF.txt,2007,Comedy,R,148761765,27500000,1.9752353,1.57300377017494,0.03311743,0.04775105,-0.1820645,-2.311754,0.502097,-0.513795,0.5225511,-0.5435553,0.4283223,-0.02593748,0.03363964,0.1551343,0.2851617,0.4098461,-0.3931435,0.3016773,-1.004588,0.2628814,0.2020254,-0.6393788,0.1324854,-0.06172033,-0.1243795,-0.1239289,0.450672,0.9581579,-0.7706699,0.3212604,-0.6643661,0.5083922,-1.641844,1.612117,0.00744498,-0.1111941,-0.2040089,1.279656,-0.3038379,1.261535,-0.3243834,0.7293938,-0.5134194,0.4961615,-0.03623648,-0.3111477,NA
Parsed_Labyrinth_g2.txt,1986,Action,PG,12729917,25000000,-0.719941826,-1.83620155834582,-0.06607772,0.1051845,0.2893553,-0.2752196,0.2327991,-0.4496838,0.0713215,0.06963059,0.01949165,-0.1490922,0.2163173,0.07927676,0.3054852,-0.06460325,0.2522104,0.2745669,0.0820313,0.3401837,0.1417624,0.02508493,0.2866167,0.1140984,0.2742974,0.2529455,0.4742653,-0.07074373,0.3528092,-0.3523116,0.7104391,-4.125278,-0.7471552,0.7344932,-3.852358,1.042695,0.05223547,-0.07261501,0.453031,0.1813419,0.1937997,0.003303335,0.1441705,0.1048563,-0.2210395,-0.006817177,NA
"Parsed_Ladykillers,-The_g2.txt",2004,Comedy,R,39692139,35000000,-0.376266387142857,-0.680998087379823,0.6232805,-0.2614454,-0.8873998,-0.1603856,-0.7744647,-0.5302006,-1.065024,-0.9190523,0.1109848,-0.7260436,-1.058804,0.7411364,-1.514834,-1.155929,-0.1186014,-1.107162,-0.8789887,-0.5096012,-0.6433312,-0.04922289,-0.8691416,0.1604833,-0.778568,-0.5004243,-0.4480112,-0.4393038,-0.318056,-0.6392678,-0.3598312,-0.591376,-0.4842407,-0.4947467,-0.4388919,-0.4885923,-0.9795638,-0.4296467,-0.01696593,-0.3032011,-0.3036211,-0.4108672,0.01836311,-0.3301897,-0.1521797,-0.9904903,NA
Parsed_lake-placid_g2.txt,1999,Thriller,R,31770413,27000000,-0.35282492037037,-0.627772039015241,0.06872238,0.5554895,2.026276,-3.70126,0.6035122,0.9224213,-0.0751101,-0.9298465,0.2236573,-0.6012173,-0.008750646,-0.4492147,-0.1009916,0.1482838,-0.1355484,-0.2733163,1.430407,-0.4273643,0.5607408,0.04901379,1.129363,0.1387519,0.4080976,-0.7288711,0.2801213,0.4084096,-0.2230161,0.2799728,0.416643,-0.03232444,-0.151354,0.7240398,0.7542674,-0.9566145,0.3551657,0.4656702,0.41541,0.8093024,0.4939685,0.4393336,0.9154973,-0.05907422,-0.2050759,0.2338183,NA
Parsed_Land-of-the-Dead_g2.txt,2005,Horror,R,20700082,15000000,-0.240996993333333,-0.397822494234107,0.3997685,-0.4050142,-0.8629186,-0.4662872,-0.3110981,0.00322416,-0.2885241,-0.417553,-0.7998179,0.1889748,-0.3455559,-0.9511242,0.1936009,-0.9478461,-0.5600262,0.2076267,-1.635105,0.4296814,-0.7605048,-0.5805269,0.06732498,-0.7322528,0.2312645,-0.07380921,-0.8522193,-0.1465158,-1.098329,-0.6681129,-0.8423523,-0.002393396,-0.4032933,-1.067359,-0.59449,0.125492,-0.5504382,-0.2225963,-0.09853348,0.003763587,-0.1278678,-0.4203537,-0.3715672,0.1047238,0.4166705,-1.262177,NA
"Parsed_Last-Samurai,-The_g2.txt",2003,Action,R,111110575,140000000,-0.563494169642857,-1.19592717099562,-0.01214147,0.0664235,0.1339957,-0.08322392,-0.3043664,-0.172306,-0.08503006,0.002790121,-0.2718667,0.1378504,0.7146462,-0.1556609,0.5178797,-0.3639755,0.09315395,0.009917423,-0.06677934,-0.002029145,0.188742,-0.7461809,1.184271,-0.3245569,0.8223972,0.5826099,0.589077,0.5801768,-0.4630278,0.2438633,-0.1576648,0.06652919,-0.02281072,0.9530894,-0.2153207,0.7951046,1.358298,0.05225726,0.2082408,-0.3977483,-0.2466249,0.2089175,0.1039486,0.5026478,-0.7879231,0.1711982,NA
Parsed_Leaving-Las-Vegas_g2.txt,1995,Drama,R,31983777,4000000,3.3977693375,2.13677193698694,-0.06260219,0.006219704,-0.4972668,0.1650632,0.2295518,-0.2721724,-0.05105131,-0.5905787,0.7578838,-0.5019714,-0.1817904,-0.2220085,-0.586512,0.02123188,-0.07773582,-0.2932399,-0.4441943,-0.1244592,0.1370609,0.008877521,0.08854863,-0.1011736,-0.2267144,0.264973,0.07560069,-0.09379334,0.2357312,-0.4252631,0.3362556,-0.4070903,-0.09253867,-0.4190672,0.05736401,-0.4813835,0.0647114,-0.3455421,0.2259201,1.657089,-0.813478,0.3309312,-0.2294537,0.2190751,-0.2519606,-0.03102658,NA
Parsed_Legally-Blonde_g2.txt,2001,Comedy,PG-13,96520674,18000000,1.94924281666667,1.5603446070655,0.07151029,0.4845719,0.3100299,0.04982126,0.1046208,0.3282692,0.2275271,-0.009006592,0.1710881,0.4603889,-0.00774237,0.5834754,-0.06476084,0.3462147,-0.06763507,0.1902688,0.1414849,-0.05509486,0.4393234,0.1812516,-0.05316587,0.2336028,0.3757438,-0.1435378,0.55159,-0.511552,0.3605842,0.05307964,0.3312757,-0.2643247,0.3235094,-1.460413,0.4967135,-1.375106,0.9975077,-2.422807,1.494801,-1.605376,0.5333587,-0.2945751,0.2041958,0.127822,-1.237662,1.026028,NA
Parsed_Liar-Liar_g2.txt,1997,Comedy,PG-13,181410615,45000000,1.21724085,1.14876549290599,-0.5483227,0.3178856,0.956525,0.5121093,-0.1171054,0.259951,0.1760248,0.5858143,0.7265532,0.22846,0.05062221,0.5712066,-0.2515212,0.7562152,0.498876,0.6485984,0.2099623,1.272464,1.452795,0.04038207,-0.236924,1.028601,-0.02581266,0.9944939,-0.1411827,0.8140787,0.5652734,0.6686019,0.9435341,0.8605345,1.410341,0.1551591,-0.06255502,0.5383591,0.8574039,-0.5474234,1.430265,-0.3025221,0.6758942,0.3139137,0.6286352,0.4624045,0.9683721,0.06933056,NA
Parsed_littlenicky_g2.txt,2000,Comedy,PG-13,39442871,80000000,-0.728830261875,-1.88273190864393,0.01340779,0.5559545,1.49266,-0.1887776,-0.1094405,0.3626069,-0.08248018,0.104454,-0.0275721,0.4713981,-0.2303622,0.4578794,-0.8326803,0.7184389,-0.03953269,0.307641,0.2607776,0.2557626,0.2852985,0.1685708,-0.4176432,0.1702806,-0.282874,0.2976671,0.1762137,0.2872696,0.04237804,0.4362375,0.3041652,0.2140361,-1.197089,0.2004108,0.2762864,-1.005365,1.289302,-0.2964666,0.3463153,0.1069783,-0.6175775,0.4751903,0.6389284,-0.5015588,-2.783797,1.155782,NA
Parsed_Living-in-Oblivion_g2.txt,1995,Comedy,R,1111790,500000,0.222969,0.290387834680433,-0.3684719,0.1062296,0.8817982,-0.8284803,0.7942016,-0.002556306,0.5515376,-0.08068928,0.3751643,-0.1158106,0.999242,0.2053747,0.3482301,-0.5821494,1.266487,-0.7209055,1.148291,0.1321782,1.171151,0.4554562,1.466124,-0.2504251,0.6140877,0.6844895,0.1890547,0.8398321,0.370217,-0.3475915,1.110851,-0.480521,0.2626354,0.8370296,-0.3950458,-0.04737352,0.6553808,0.1756626,0.688567,-0.3550879,0.1840637,-0.8067247,-0.353091,0.6724671,-2.085542,1.088613,NA
Parsed_Lone-Star_g2.txt,1996,Drama,R,12961389,5000000,0.42575279,0.511723855864013,0.2620297,0.1493006,-1.703434,0.4827249,-0.8486291,0.258194,-0.9989086,-0.9040762,0.4079875,-0.06292644,-0.7169136,0.4450771,-0.6052279,0.4850362,-0.2289768,-0.1747324,-0.2237506,-0.1051488,0.6152484,-0.8263437,-0.7715097,-0.1117414,0.3893709,-0.8971964,-0.6434396,-0.9677781,-0.08151387,0.7434278,-3.44004,-0.5029794,-1.873301,0.4922501,0.1923718,-0.7986354,-0.0907955,-0.6503389,0.0420858,-0.5820544,0.003547422,-0.4058754,-0.8245666,0.5723365,-3.328078,-1.126937,NA
Parsed_Lord-of-Illusions_g2.txt,1995,Horror,R,13249614,11500000,-0.366322808695652,-0.658180007056896,0.2882331,-0.1019813,-0.4589306,0.7172217,-0.498852,0.5262714,-0.06567117,0.6185714,-0.4081347,-0.02475295,-0.1205644,-0.2106356,1.037839,-0.5623915,-0.3276702,-0.7818558,0.3404784,-0.2508137,-1.100313,-0.855354,-0.1130089,-0.3714495,-0.3808892,-1.111756,-0.6247982,0.04339101,-0.6848516,-0.06315117,-0.02701549,-0.01088856,0.1428281,-0.6767167,0.5083988,-0.8448757,0.7407113,0.2930184,0.1734862,-0.06206838,-0.05875616,0.007984504,-0.0238992,-0.1411593,0.5372431,-0.1733189,NA
"Parsed_Lord-of-the-Rings-Fellowship-of-the-Ring,-The_g2.txt",2001,Action,PG-13,315544750,93000000,0.866124865591398,0.900045522600452,0.4840476,-1.652407,-1.813804,0.3021893,-0.798735,-0.3045395,-0.4372349,-0.6849074,-0.6197709,-0.1954066,-1.032996,-0.3431974,-0.4227814,-0.4654205,-0.988488,0.5615884,-0.2127792,0.08841152,-0.2486542,0.6356069,-1.042245,0.3027329,-0.2096866,-0.1561904,0.7319535,-1.513757,0.7315456,-2.134637,0.3719908,-1.25306,0.1489865,-1.10333,-0.3203081,-0.5007184,-0.5845149,-0.3654939,-0.5425062,-0.4150182,-0.9415935,-0.7504502,-0.1429342,-0.7099229,0.1463275,-0.8032007,NA
Parsed_Lord-of-the-Rings-Return-of-the-King_g2.txt,2003,Action,PG-13,377845905,94000000,1.21080050797872,1.14456884915481,0.1338043,-0.5221236,-0.3298494,-0.5511489,0.2365092,-0.9071787,0.4490481,-0.1448521,-0.4363285,0.3456538,-1.043814,0.2741078,-0.07636157,0.3249359,-1.616558,-0.2382293,-0.3568418,-0.4386066,-1.472147,-0.02934583,-0.7268436,-0.1887498,-1.443373,-0.4053437,-0.2164156,-1.352439,0.8566872,-0.5963605,-1.329822,0.3557179,-1.282428,0.7633674,-1.505945,-0.06278576,-0.8382538,0.1647343,-0.2575995,0.5701014,-0.155916,0.8909551,0.4074409,0.4478806,-0.134184,-0.7131531,NA
Parsed_Lost-in-Translation_g2.txt,2003,Drama,R,44585453,4000000,5.1304997875,2.61600469407195,-0.6382396,0.247146,-0.4039773,-0.1490351,0.7349889,-0.4898571,1.102192,-0.01142402,0.4039894,0.6028731,-0.4564936,1.544702,0.2943529,0.03957829,1.166512,-0.1570824,0.7576733,-0.2952037,0.5584938,-0.2888208,0.9528273,0.4596337,0.04149892,0.5203049,0.4841023,0.08231483,0.8485196,0.9162231,0.2002617,0.5421146,0.2526968,0.6165302,0.4383473,1.32506,0.3398316,0.2201107,0.8046505,-0.7718999,1.374368,0.7965785,-0.02692372,0.9844748,-0.2174919,0.3347536,NA
Parsed_magnolia_g2.txt,1999,Drama,R,22450975,37000000,-0.66626929054054,-1.58324364736505,-0.4213275,-0.6741612,-0.6078921,-0.1902962,-0.4237623,-0.2690271,0.44601,-0.3407469,0.2418642,0.002755623,1.059687,0.2365918,-0.01036534,0.3538636,-0.2672148,0.3927695,0.3698748,-0.0704846,0.09426169,0.6433436,-0.1443537,0.1874393,0.7109444,-0.4226258,0.9428457,0.3761464,-0.1473527,0.2611216,-0.1391489,0.2596323,0.2585854,0.6732775,-0.2221117,0.4220803,0.1022132,0.3464816,0.07149315,0.4257896,-0.4522518,-0.4099802,-0.3112558,0.549355,-0.7769072,0.9759712,NA
"Parsed_Manchurian-Candidate,-The_g2.txt",2004,Thriller,R,65955630,80000000,-0.54655504375,-1.14100066246838,0.1868141,0.1090422,-0.1917962,-0.08273611,0.052652,-0.1328618,-0.06466632,0.01869278,-0.00148536,0.03045493,-2.523275,0.7553932,-0.4964611,0.4591199,-0.1225672,0.1396021,-0.1332211,0.4523085,-0.5143124,0.4554111,-0.6411359,0.1870166,-1.015491,-0.1563248,0.08374171,-0.2003793,0.2329689,-0.01534461,-0.02547854,-0.04909946,0.2667993,0.04112761,-0.344972,0.1809506,0.002576315,0.1253103,-0.06599093,0.08679806,-0.06988471,0.2545527,0.1929698,-0.02762405,0.2708385,0.01891975,NA
Parsed_ManintheIronMask_g2.txt,1998,Action,PG-13,56968169,35000000,-0.104785915714286,-0.159695360662741,-0.09716275,0.2003138,1.043841,-0.064815,-0.2686167,1.379914,-1.327027,0.3234034,0.04965123,-0.9789658,1.23886,0.1500961,-0.2998812,0.5711653,0.1219007,0.7572939,0.2402517,0.6538263,0.3414888,-0.1244365,-0.6283616,-0.3050318,0.4411172,0.02946087,0.03911939,0.2894698,0.1741765,-0.1534132,0.3920624,0.2772089,-0.1510044,-0.2020186,0.5817401,-0.2448862,0.417422,-0.7211151,0.5058158,-0.8646754,0.688554,0.157022,0.3848213,-0.389223,0.4818973,-0.06030386,NA
Parsed_ManOnFire_g2.txt,2004,Thriller,R,77906816,60000000,-0.285854186666667,-0.485709423020247,0.3460655,-0.5057416,0.02505551,-0.156777,-0.8496423,0.5795665,-0.5951946,-0.7244923,-0.9269775,-0.3090101,-0.3196681,-0.8827841,-0.2903944,-0.5412797,-1.000853,-0.5227688,-0.9368679,-0.7034992,-0.7457875,-0.411446,-1.095157,-0.3221879,-0.7395254,-0.6143502,-0.4722239,0.5339544,-0.1028048,0.8038316,-1.186904,0.2784305,-1.544869,1.132517,0.06227969,-0.1578972,-0.4426363,-0.3820952,-0.1368819,0.01099815,0.1492267,-0.883374,0.1366465,-0.2682329,-0.08451148,-0.3687085,NA
"Parsed_Matrix-Reloaded,-The_g2.txt",2003,Action,R,281576461,150000000,0.032447023666667,0.046067756798054,0.2805339,-0.01815052,0.04131289,0.2259215,-0.08771236,0.01445704,-0.5624558,0.2312004,-0.359089,-0.2252776,-0.7723788,0.05236523,-0.298007,-0.1338175,-0.4302185,-1.254303,0.6621111,-1.128375,-0.5325951,0.433639,-0.2335942,0.5396008,0.2059892,-0.4059609,-0.1593263,-0.8338025,0.4272768,-0.7377158,0.1405561,-0.2867403,0.07036839,-0.086618,0.6549369,-0.2608413,-0.4075044,-0.6100564,0.09723042,-0.2155018,0.2171775,0.1687854,-0.02971649,-0.4012297,-1.006271,-1.009452,NA
Parsed_Men-in-Black_g2.txt,1997,Action,PG-13,250690539,90000000,0.531997738333334,0.615414167434089,-0.1559752,-0.1249599,0.3495636,-0.01492679,0.5307854,-0.3544059,1.575262,0.6110954,-0.5450267,0.6507566,0.08282821,0.3263262,0.03235113,0.5210164,0.2772384,0.1397433,0.1814964,-0.04550931,0.05953306,-0.3263699,-0.2112583,0.1347398,0.009957744,-0.2058577,0.2809529,-0.1879025,-0.001028467,-0.1020178,0.08537171,0.06651034,-0.3704311,0.3355556,-0.2122151,0.00934866,0.05898932,-0.1974931,0.1924212,-0.5170737,0.1216595,-0.2396421,0.190677,0.1677255,-0.08072824,-0.02104809,NA
Parsed_mighty_joe_young_g1.txt,1998,Drama,PG,50632037,80000000,-0.651904745625,-1.52244594912891,-0.03253747,-0.177337,-0.4018303,-0.175273,-0.1898474,-0.425711,0.3341876,-0.3754137,-0.3581792,-0.198101,0.05622675,0.3755278,-0.4448073,0.2139259,0.3530467,-0.3966004,0.1795523,0.1739441,-0.1205338,0.6434784,0.04974461,0.6430627,-0.3284667,0.24986,0.05123888,0.3555841,-0.2212832,-0.05331498,0.6003669,-0.1146382,0.3317898,-0.3142796,-0.3765235,-0.6948353,-0.2593789,-0.3780434,-0.07286141,-0.3939086,-0.2708564,-0.2658931,-0.3141358,-0.3544054,-0.1361712,-0.7312541,NA
Parsed_Mimic_g2.txt,1997,Horror,R,25480490,30000000,-0.532857683333333,-1.09806595550837,0.04760271,0.2929069,0.4448524,-0.3553157,0.09247691,-0.7852867,0.9203104,-0.6814564,0.2503434,-0.9463434,0.354507,-0.6362002,0.06863175,0.9740083,-1.343276,0.5582625,-0.5845751,-0.08697536,0.1108806,-0.9742553,0.8730797,0.635107,-1.365258,1.561778,-0.1268092,-0.3280622,-0.4946545,-0.3563613,-0.000842353,-0.2186433,-0.09548691,0.3336709,-0.5515159,0.6259708,-0.369546,-0.08236106,0.006683489,0.4171425,-0.4139593,-0.03523555,-0.2377347,-0.2359539,-0.4178514,0.4508936,NA
Parsed_MINORITY_REPORT_--_May_16th_2001_revised_draft_by_Scott_Frank_g2.txt,2002,Action,PG-13,132024714,102000000,-0.288102032352941,-0.490257612288222,0.4264405,0.06361484,-0.4493846,0.542534,-0.1917171,-0.3683357,0.486271,0.02575088,0.3599306,0.117484,-0.4880443,-0.3544011,-0.3844423,-0.03617442,-0.7448958,0.2600486,0.3916526,-0.6955367,-0.6901201,0.1499196,-0.2131239,0.215471,0.4120194,-0.3301249,-0.1021577,-0.1175806,-0.2592229,-0.4381965,-0.2524921,-0.3057776,-0.279608,-0.5534176,0.3159589,-1.347018,0.0440326,-0.7547576,-0.2881847,-0.3884362,-0.2276487,-0.3192457,-0.4612155,-0.5606121,-0.4501578,-0.1245042,NA
Parsed_Mission-Impossible_g2.txt,1996,Action,PG-13,180981886,80000000,0.24425046625,0.315276927626897,-0.5022609,0.8134374,0.3729822,0.5784123,1.288595,0.789175,1.521039,0.9645618,1.280763,1.68543,0.3047485,1.009123,0.9473926,1.082585,0.8445395,1.15678,0.2446435,1.348451,-0.2897843,1.058637,0.1117177,-0.08261622,0.9440415,0.1219647,0.9075091,0.5177945,1.358611,0.8005725,1.208885,0.4512615,0.7177832,1.049024,0.2369557,0.9098947,0.2403482,0.7375026,-0.2595361,1.058779,0.3863294,0.5535466,0.585381,0.9129083,0.956051,0.2132519,NA
Parsed_Monkeybone_g2.txt,2001,Comedy,PG-13,5409517,75000000,-0.960330208666667,-4.65581538097711,0.219274,-0.1633673,-0.2190998,0.14523,-0.3276602,-0.09139371,-0.3156811,0.1097273,-1.224779,1.011539,-0.03865133,-0.3691513,-0.2279809,-0.04182814,-0.218958,0.252504,-1.277945,0.2517566,-0.9898405,-0.4796842,-0.5968817,-0.7237261,0.2167832,-1.141527,0.4598848,-0.9600645,0.6777827,-0.02401499,-0.1906544,0.3390197,0.09384439,0.3525054,-0.5563793,0.8718405,0.4660233,-0.3576165,-0.03098651,0.3570223,-0.7726434,0.4263865,-0.09082208,0.2621424,-0.2492891,0.2219318,NA
Parsed_Mulholland-Drive_g2.txt,2001,Drama,R,7219578,15000000,-0.73528214,-1.91747256093731,0.02199639,0.1977749,-0.2492499,0.8140392,-0.5329126,0.5493378,-0.5240488,1.427436,-0.6089031,-0.4630427,-0.1099381,-0.7381776,0.5254045,-0.06102188,0.7910277,-1.071334,1.052476,-0.1018212,0.6672474,0.09242137,-0.7349706,2.595033,-1.2878,0.324483,-0.9496763,1.179678,-0.74014,-0.0630021,-0.5668965,0.3200589,0.8826685,-0.6033293,-0.6110891,0.280219,-0.6480141,-0.4697131,0.1242458,-0.3519465,-0.09738287,-0.3644606,-0.1435005,0.09545739,-0.6286493,-0.06276684,NA
"Parsed_Mummy,-The_g2.txt",1999,Action,PG-13,155385488,80000000,0.06827523,0.095283390284692,0.1818507,-0.9600577,-0.8088909,-0.8997048,-0.8144932,-0.03189353,-0.3072262,0.9940594,-0.5269666,0.5411851,-0.5021047,0.08573435,-0.1270276,0.2597993,-0.4797292,-0.02947113,-0.2867871,0.2590391,0.160373,-0.5068745,0.2065615,-0.654923,0.09912992,-0.554875,-0.007638392,-0.5516795,0.3770395,-0.6788,0.385163,-0.2924184,-0.5319224,0.08806058,-0.5862978,-0.4621672,0.01372696,-0.05212703,-0.716205,0.1474838,-0.7957978,-0.2717011,-0.8298155,-0.4416024,-0.07696956,-0.7768223,NA
Parsed_Mystery-Men_g2.txt,1999,Comedy,PG,29762011,68000000,-0.759277852205882,-2.05455921089469,0.3154623,-0.6927179,-0.2170101,-1.51646,0.003019411,0.03171925,-0.4934959,-0.3280967,-0.4064484,-0.01914027,-0.5816093,-0.6548797,0.2511894,-0.8881398,-0.1448813,0.373725,-0.4438713,-0.1518298,-0.7358117,0.1988027,0.1011691,-0.5200468,-0.06085032,-1.73056,0.6032103,-1.466393,0.3080677,-0.4773373,-1.113161,-0.230204,0.06635354,-0.7037174,-0.1223584,-0.2462256,-0.2600412,-0.08248693,-0.7665318,-1.043475,-0.4777904,-1.967371,0.3989714,-1.022009,0.378789,-0.705682,NA
Parsed_neverbeenkissed_g2.txt,1999,Comedy,PG-13,55474756,25000000,0.220444632,0.287406845753284,-0.1760407,0.1482914,0.3697672,0.1368634,0.3069695,0.1693807,0.119327,0.1398224,0.1818836,0.1719981,0.2713638,0.1415166,0.1356864,0.300203,0.1185071,0.4933531,-4.498623,1.472141,-0.3852365,-1.030217,-3.547734,2.024918,-0.7536459,0.4415117,0.4108671,-0.1796982,0.2163794,0.2307202,0.2071907,-0.02668976,0.9051554,-1.296044,1.370376,-1.800029,0.7562919,-0.08544241,0.3348293,0.1442014,0.2738181,0.1688044,0.05992403,0.08523349,0.01081455,0.3979772,NA
Parsed_New-York-Minute_g2.txt,2004,Comedy,PG,14018364,40000000,-0.807247495,-2.37517848544695,0.1650434,-0.5572233,-0.3785329,-0.1682265,0.3794349,-0.491758,0.1252228,-0.1604963,-0.6126435,0.3528444,-0.8335201,-0.04944749,0.1147704,-0.1423029,-0.06148696,-0.5465065,-0.8711525,-0.261114,-1.081887,0.0389945,-1.092196,-0.4024103,-0.2346281,-0.02593226,-1.058417,0.2609199,-0.9837644,-0.2055346,-0.2445721,-0.8960762,0.5995944,-1.563738,0.1684742,-0.937205,-0.9378235,-0.5790336,-0.7640375,-0.458811,0.2368125,-0.3422336,0.3495804,0.4452821,-0.1719641,0.2214074,NA
Parsed_Nick-of-Time_g2.txt,1995,Thriller,R,8087783,33000000,-0.865203616666667,-2.89114630620929,0.3557026,-0.1961058,-0.01124419,-0.9318104,-0.8902467,-1.041378,-0.3940358,-0.1994315,-0.3339806,0.06998839,-0.4388019,0.7461675,-1.801838,0.4783373,-0.6439416,0.1203242,-1.456208,0.741245,-0.5753586,0.5681071,-0.4146626,0.04766133,-1.209218,-0.2231517,-1.639523,0.2080077,-0.2369512,0.01926537,-0.5261464,0.1141989,0.6643046,0.5879205,-0.7755931,0.9938748,-0.7956813,-0.2746387,0.1288265,0.3214753,-0.221387,-0.1022779,-1.166314,-1.063269,-0.09027317,-0.7551658,NA
Parsed_Notting-Hill_g2.txt,1999,Comedy,PG-13,116089678,42000000,0.520221973809524,0.604281992835478,-0.06086026,0.03524285,0.1727985,-0.01409232,-0.1576523,0.5017834,-0.09543038,0.02359501,0.2399482,-0.02593188,0.2780007,-0.2883134,0.5787233,0.3120252,-0.01214245,-1.367712,-0.6875478,-0.6480284,0.111617,0.3087202,-0.1848182,0.8917304,-0.6237536,0.1359609,-0.4765937,-0.3482436,-0.7317187,0.5571916,-0.4984929,-0.113907,0.6861782,-0.1443038,0.2084215,-0.1758054,-0.06305536,0.3449935,-0.5127184,0.2778634,0.002136348,0.7560943,-1.449235,-0.2917053,0.09053754,-0.09067474,NA
Parsed_oceans_11_g1.txt,2001,Thriller,PG-13,183417150,85000000,0.186816852941177,0.247097318518306,0.5006595,0.224487,-1.345387,0.1388599,-0.2915983,-0.3930217,-0.6999174,-0.7524979,-0.05082993,-1.174016,-0.2905351,-0.9666899,-1.347757,-0.3465152,0.0030403,-1.166287,0.3296282,-0.6801803,-0.7292181,-1.127941,-1.147731,-0.001130899,-0.9147464,-1.277327,0.1509739,-1.191781,-0.3290108,-1.283012,-0.2651255,-0.9217803,-0.7047433,-1.233949,-0.7024935,-1.043785,-0.8965399,-0.7974448,0.0570566,-0.416045,-1.031612,-1.232788,-0.6317929,-0.5515097,0.3504939,-1.020771,NA
Parsed_Ordinary-People_g2.txt,1980,Drama,R,52302978,6000000,3.79443965,2.26136221015352,0.006301018,-0.0257756,-0.1871402,-0.02989444,0.01025144,-0.06451762,0.01240122,-0.3278379,0.2527973,-0.3914242,0.6208489,0.1391534,-0.09698201,1.63315,-0.5171068,0.2384667,-0.2179164,0.1873883,-0.5498152,2.020173,-3.573476,8.120073,-3.422787,1.808901,-1.239885,1.127856,-1.673642,2.763528,-0.4736775,0.01693782,-0.06097971,-0.1070241,0.01646991,-0.05686672,-0.07007698,-0.04573118,-0.0867614,-0.08939198,-0.09166425,-0.013681,-0.0738015,0.003885101,-0.1332274,0.3642299,NA
"Parsed_Other-Boleyn-Girl,-The_g2.txt",2008,Drama,PG-13,26814957,40000000,-0.63129434125,-1.43945853636744,0.2492252,-0.2516767,0.9818939,-2.201416,1.672583,-1.788404,1.618523,-0.3410333,0.005147325,-0.446671,-0.05413164,-0.2916317,-0.2469447,-0.7270027,0.1871477,-1.145459,1.540297,0.03123057,-0.2572085,0.500525,-0.243371,-0.1709199,0.09161515,-0.2489606,-0.1271576,1.139652,-0.5672107,-0.01414622,-0.1856551,-0.3676396,0.05491199,-0.5071882,-0.0392134,-0.3106943,0.3031282,0.8748986,-0.6603243,1.929084,-1.001004,1.47978,-0.1868849,0.1612962,-0.08804535,-0.4074549,NA
Parsed_Outbreak_g2.txt,1995,Thriller,R,67823573,50000000,-0.253940697,-0.422637782444969,-0.1080627,0.1284554,0.2610564,-0.5747815,0.3777841,0.2506869,0.430193,0.2285314,0.1221459,0.4779039,-0.3519089,1.087133,-1.404216,-0.117228,-0.1409474,-1.271703,0.5733496,-1.508436,0.2694948,-0.4764332,-0.02269052,1.066565,-0.2469962,0.06837437,0.3771713,-0.6228197,0.8793901,-0.6260364,0.2951364,-0.1886215,0.9341475,0.4050316,0.1777271,0.3904347,-0.05060209,0.2700205,0.3878887,-0.04502472,0.1259068,0.5581627,-0.1907265,0.4156616,0.06435036,-0.04083832,NA
"Parsed_Pacifier,-The_g2.txt",2005,Comedy,PG,113006880,56000000,0.109889,0.150415399857336,-0.3147785,0.08820564,0.9357646,-0.2384203,0.9178978,-0.08563724,0.3158718,-0.07428314,0.187544,-0.02549457,-0.04156313,0.6803404,0.1620839,0.4650214,0.1043157,0.2996235,0.3403497,0.8975035,-0.6856711,1.350059,0.4820623,0.2677384,0.9381628,0.1880229,2.914979,-1.290195,2.422088,-0.7749066,1.3103,-0.2161312,0.5621346,0.1679067,0.4543325,0.2526027,0.2534654,0.5362432,1.148258,1.063563,1.507755,0.881775,-0.2939889,0.7124093,-0.6502652,0.5365039,NA
"Parsed_Patriot,-The_g2.txt",2000,Drama,R,113330342,110000000,-0.43334829,-0.819465833523352,-0.6137286,0.5436018,0.08706602,0.5809033,-0.09551154,0.5364905,-0.150307,1.190332,0.1931319,0.2506695,-0.1497416,0.7944917,-0.6298055,0.8369498,-0.3136224,1.222842,-0.1882832,1.831232,-0.2409244,1.250154,0.6959654,0.9497737,-0.1248375,0.5621674,0.9364207,0.832375,1.365172,-0.1436765,0.6149025,0.8009909,0.4401691,0.1659891,0.2415738,0.6023421,0.2995909,0.3377599,0.9763467,-0.1936624,1.252047,-0.0711685,1.306942,1.340729,0.5514629,0.7448335,NA
Parsed_Pearl-Harbor_g2.txt,2001,Action,PG-13,198539855,151500000,-0.279228249174917,-0.472385626109947,0.021565,0.04021876,-0.366925,0.9433276,0.2804446,-0.5316075,0.5989723,-0.6212676,0.4448053,-0.679408,1.338655,-1.909057,1.32562,-0.7472525,1.229271,-1.168267,-0.2285073,-1.181993,-0.3211054,-0.4099959,-1.083751,-0.2073403,-0.09226086,-0.4403806,-0.3322136,-0.5514436,-0.8048446,-0.6578274,-0.3093317,-0.727726,-0.4066323,0.3685154,-1.202288,0.6574144,-0.5123221,0.6444522,-0.6981818,-0.4677291,-0.1291716,-0.8020383,-0.3568588,0.0336235,0.1571304,-0.4461621,NA
"Parsed_Pianist,-The_g2.txt",2002,Drama,R,32519322,35000000,-0.488982082857143,-0.968554219536623,-0.1271593,0.348567,1.45581,-1.586401,1.151956,-1.373829,1.042537,-1.355355,2.453219,-1.860015,2.263715,-1.051896,0.9206859,-0.2077651,0.06106846,0.2246901,-0.3527774,0.4172311,0.6699619,-0.66529,0.4771208,0.6085435,0.9005995,-0.07877697,0.8879335,0.3364751,0.1194139,0.7608492,0.7981847,0.3749071,0.7817012,-0.2261044,1.056689,0.06728588,0.8644042,0.1433324,0.4749728,0.8052162,0.6767544,0.4874333,0.7578262,0.1318877,-0.8014628,4.089295,NA
Parsed_Pineapple-Express_g2.txt,2008,Comedy,R,87341380,26000000,0.847606115384616,0.885657226478445,-0.2473144,0.852896,0.6230331,0.04073699,0.6099764,0.1441366,0.403728,0.2305786,-0.06316795,0.01032934,0.449555,0.4917353,-0.2639632,0.4558415,-0.4812049,0.5588805,-0.583394,1.225,0.2891966,0.2888274,0.1815081,0.4307105,1.108593,0.2861085,0.1615359,-0.4365711,1.803652,0.5327581,0.4525309,-0.5305976,-0.4392717,1.926279,0.6455118,0.7002529,0.3269938,0.5219669,0.6912774,0.6634246,1.412292,-0.07322811,1.687702,0.02611638,1.508483,0.9256585,NA
Parsed_Pitch-Black_g2.txt,2000,Horror,R,39235088,23000000,-0.061769634782609,-0.091985901408367,0.812479,-1.205436,-1.298146,0.1372846,-0.7814236,-1.511647,-0.322224,-0.5182864,-1.184778,-0.4651625,-1.138752,-0.037588,-1.586324,-0.3070049,-0.6662709,-0.6771463,-0.1810335,-1.458972,-0.400221,-0.5146511,-1.077934,-0.176041,-0.8029373,0.3864901,-0.7790308,-0.6135497,-0.994374,-0.1758878,0.1486399,-0.6642986,0.04525777,-0.3545425,-0.9262132,-0.3028204,-0.4561718,-1.364212,-0.6583344,-0.1389527,-0.06851394,-1.151607,0.6803639,-1.473965,1.089857,-1.368579,NA
Parsed_Predator_g2.txt,1987,Action,R,59735548,18000000,0.825252855555556,0.868096336971914,0.1958939,0.08949332,0.1299376,-0.4210982,0.07986913,-0.08338377,-0.3314837,-0.01395796,-0.3855932,-0.5127861,0.5193769,-0.3605092,0.7898728,-0.4996734,0.8072259,-1.804244,0.3496297,-0.2522929,-0.1842086,-0.4921796,-0.1843826,0.3101766,-0.7914583,0.3736634,-0.4345878,0.09304944,-0.4836508,0.01822602,-0.1246936,0.02036196,-0.02087328,0.2452174,0.4150904,-0.478153,0.3128543,0.4129793,0.4629088,0.4554209,0.2972048,0.4173532,0.1531375,0.4049605,0.2178673,-0.3455822,NA
Parsed_Queen-of-the-Damned_g2.txt,2002,Horror,R,30307804,35000000,-0.523734508571428,-1.07016207515554,-0.4737185,0.01411283,0.1820956,-0.6125939,0.3357242,-0.3887776,0.3606388,0.3747528,0.3204898,0.9305761,-0.1721571,1.277938,-0.2131431,-0.1728985,0.3981082,0.6782544,-0.06801096,0.6268626,-0.05129503,0.6675233,0.9851614,-0.0802815,1.717162,-0.9101374,0.402525,0.3421674,-0.4158587,0.5850358,-0.005610343,0.2345304,0.6660381,0.2947445,0.625817,-0.3998337,0.9471319,1.127448,-0.823201,2.245546,-0.0003668793,-0.229813,0.4466639,-0.8198497,0.9887343,-0.0711677,NA
Parsed_Rambling-Rose_g2.txt,1991,Drama,R,6266621,7500000,-0.540447793333333,-1.12169932908419,-0.1023691,-0.04755301,-0.1105331,0.1680116,-0.09546407,-0.1467034,0.3378604,-0.3559083,-0.7306972,-0.6462413,0.194774,-1.206506,0.3933413,-0.4965224,-0.2607465,-0.02632689,0.1927369,-0.3388831,-0.5937288,-0.01267679,-0.5892624,-0.001498816,-0.1460728,0.07115203,-0.7590437,-1.028997,0.5982216,-0.4620741,0.2428656,-1.09366,-0.9990802,0.08992293,-0.009088481,0.2613856,-0.8090732,-0.5448231,-0.1195864,0.2399058,-0.1393533,0.5952928,-1.418591,1.51258,-2.72168,1.580639,NA
Parsed_Reindeer-Games_g2.txt,2000,Action,R,23360779,36000000,-0.643099209722222,-1.48640499896815,0.5212879,0.3196919,-0.04239647,0.2346844,-1.126943,-0.4491847,0.1127867,-1.133609,-0.922867,-0.9425757,-0.1294362,-1.291308,0.0184587,-0.2007231,-0.4951248,0.07964563,-0.4479547,-0.5150067,0.458457,-0.3014934,0.3809434,-0.4872418,-0.252852,-0.5881479,-0.952687,0.5520964,-0.9378184,0.4721038,0.2610508,0.2129848,0.233247,0.261871,-1.033125,0.540459,-0.1389802,0.3197727,-1.312687,0.9587235,-0.6473134,0.499976,-0.4283491,0.06973338,-0.1062381,0.273339,NA
Parsed_Robin-Hood-Prince-of-Thieves_g2.txt,1991,Action,PG-13,165493908,50000000,0.820432988,0.864281634680003,0.3956342,-0.3852947,-0.4042513,-0.6424524,-0.6384881,-0.7238886,-0.2721405,-0.7688463,-0.7768436,-0.6083284,-1.299248,1.102376,-1.202425,-0.6163661,-0.4106703,-0.0658338,-0.2705254,0.3941565,-1.56682,-0.4878092,-0.598771,-1.080823,0.335002,-0.8950566,-0.5139416,0.2695325,0.206182,-0.7392579,0.4725201,-0.3475336,-1.161267,0.09219007,-0.05914712,-0.6613647,0.3629466,-0.08379028,-2.146953,0.7312006,-1.437114,0.7611268,0.05489771,-0.8441838,-1.281623,-0.1799218,NA
Parsed_rush_hour_2_g2.txt,2001,Comedy,PG-13,226164286,90000000,0.382115081111111,0.466877745998265,-0.003168498,-0.2882023,-1.14603,1.089619,-0.5517674,0.4588455,-1.342674,2.504519,-0.436814,0.1007161,0.1905796,0.03179823,-0.01950444,0.1126718,0.02430088,-0.1677364,-0.06573811,-0.1338538,-0.209411,-0.7607276,0.6170976,-1.018847,0.003019013,-0.1049438,-0.2217198,0.3937166,0.3053232,-0.5109911,-0.3148063,-0.1402459,-0.2666295,-0.1368615,0.1533385,-0.3561839,0.201475,-0.4117348,-0.229617,-0.1730414,-0.6387127,-0.535505,-0.3063265,0.1494347,-0.4988621,-0.2347857,NA
Parsed_Save-the-Last-Dance_g2.txt,2001,Drama,PG-13,91038276,13000000,2.85161936923077,1.94546513795396,0.4985204,0.2648274,0.4648196,-0.3656217,-0.234806,0.3611646,0.4984861,-0.2768451,-0.1900349,-0.1761965,-0.2737443,-0.3906453,-0.3581527,-0.07403059,-0.3631328,-0.1804372,-0.3068051,-0.4861892,-0.08501289,-0.6267674,-0.5380672,-0.7822593,0.1094217,-0.5757998,-0.6791331,-0.8614228,-0.346104,-0.1046672,-0.3523419,-0.1002057,0.2894764,-1.478922,-0.2436577,-0.04085669,-0.2825758,-0.6615026,-0.6682271,-0.8419953,-0.2268785,0.5790951,-2.20685,1.643703,-2.039013,0.8691069,NA
Parsed_Se7en_g2.txt,1995,Thriller,R,100125643,30000000,0.835636788333334,0.876280625468305,-0.7683178,0.2223841,0.9596342,-0.3207072,0.9613426,0.3308513,1.033284,0.6783791,0.5852219,0.9659258,0.01564716,1.308919,0.8637018,0.4325173,0.9430346,0.7539835,1.524701,-1.013892,0.8897484,0.2818379,0.8795337,0.2197909,0.8283214,-0.06435089,0.5069615,0.8682367,0.8103459,0.5376194,-0.02395428,0.8595891,0.1542789,0.8670986,1.034539,0.7079966,0.1840621,0.1479551,0.726259,0.2793392,0.4725823,0.3188424,0.3476314,0.4363355,0.3595491,1.358425,NA
Parsed_Sense-and-Sensibility_g2.txt,1995,Drama,PG,42993774,16500000,0.4331258,0.519165255148039,0.5823844,-0.4424133,0.6609683,0.03465439,-0.8490558,0.4015206,-1.352431,-0.6353344,-0.6680188,-1.44481,0.8797255,-0.9016957,0.1241074,0.1443437,-0.7405081,-0.7853442,0.516609,-1.130568,-0.08867954,-1.091632,0.4154112,-2.510144,2.291796,0.2451526,-1.292757,-0.1568136,-0.4214421,-0.709002,-0.2535452,-0.3770999,-0.5074485,-0.8694425,-0.5637176,-0.4919575,-0.3565938,-0.6790348,-0.2073234,-1.167907,0.6689225,-1.459109,0.1764385,-0.6084955,-0.7246051,-1.091713,NA
"Parsed_Shawshank-Redemption,-The_g2.txt",1994,Drama,R,28341469,25000000,-0.376487682,-0.681510032920675,-0.09917852,-0.389831,-0.3515444,0.6041581,-0.4453835,-0.2292458,0.4076916,-0.387068,-0.1113296,-0.1399299,0.2265684,0.04162242,-0.8579215,0.764228,-0.3917826,0.298296,-0.758578,0.4708015,-0.1070226,-0.04561687,-0.3513215,0.3168091,-0.2954624,0.37596,-0.3903563,0.2374329,0.2638487,-0.4232084,0.5690912,-0.5405252,0.3581389,-0.7549374,0.2723273,-0.5335537,-0.1084871,-0.764694,-0.1964221,-0.1926339,0.07673243,-0.04689153,-0.1824073,0.07943389,-0.338803,-0.2584255,NA
Parsed_silenceofthelambs_g2.txt,1991,Thriller,R,130726716,20000000,2.59498469,1.84598562665675,0.1208589,0.4489598,0.01287782,-1.34042,0.4303043,-0.3498867,0.1898978,-0.1853155,0.2233426,0.1482764,-0.487434,-0.2241381,0.06674737,-0.5765396,0.05738435,-0.6885525,0.06685762,-0.4495576,-0.5028068,0.7369904,0.1747619,-0.1548524,0.055442,1.225151,0.2497966,1.224752,-0.4026003,1.009027,-0.2140305,-0.5233225,0.6469796,-0.6070139,-0.3327017,0.8930279,0.2173464,0.3707523,0.06730588,0.6429877,0.09885945,0.1750009,0.2533007,0.303511,-0.6942044,0.8639234,NA
Parsed_Sister-Act_g2.txt,1992,Comedy,PG,139605150,31000000,1.47686556451613,1.30851556633589,-0.4585101,0.3994948,0.4834148,0.7113234,0.642219,1.192621,1.048736,0.486012,2.170038,0.2931405,0.3175989,0.1180674,0.6966597,0.1200928,-0.2160569,1.923828,-0.2146111,0.7150165,0.2154279,0.6631162,0.2560767,0.1749115,0.6740348,0.2057845,0.3863727,0.8000244,0.6668486,-0.3629936,1.62514,0.6608776,1.166399,0.5632851,1.576844,-0.1280075,1.190309,0.3931368,0.8052057,0.8948845,0.76627,1.997709,-0.09732121,1.449659,1.265646,-0.03974412,NA
Parsed_Sleepy-Hollow_g2.txt,1999,Horror,R,101068340,70000000,-0.205891614285714,-0.332592164520482,0.1375482,0.4817963,-0.4157151,0.189628,-0.05784267,-0.3674012,0.5719603,0.1176353,-0.3427541,0.02022782,0.1130483,-0.3283935,0.03799582,-0.07969736,0.03047216,-0.1659832,-0.00460235,-0.09172771,0.06739463,1.066108,0.6875387,1.831649,0.3660941,1.23835,-0.2744136,-0.07850055,-0.1407918,0.7986715,-0.8573798,0.3075005,-0.7538838,0.9703161,-0.3627859,0.26988,-0.1362141,-0.2185199,-0.1213867,-0.1097542,-0.6753773,-0.764224,1.424086,-0.5566332,1.616712,-0.2901831,NA
Parsed_sling_blade_g2.txt,1996,Drama,R,24475416,4833610,1.7849741290671,1.47766392575562,-0.06856619,-0.3621922,0.3857327,-1.164352,1.01376,-0.9976224,-0.03815626,-0.7421711,0.4731354,-1.522019,0.3910629,-0.3496638,-1.054767,-0.08476499,-0.6849194,-0.9187783,-0.1859331,0.1069512,0.3119397,-0.06964344,0.3101919,0.3525372,0.574525,-0.7813999,0.6764044,0.2442008,-0.5892217,0.04006889,-0.2163281,0.3891378,-0.2227267,-0.6342204,0.773054,-0.6503764,-1.256865,-0.7625974,0.05832349,-1.144679,0.6509198,-0.549758,1.333815,-3.319506,0.9911194,-2.136719,NA
Parsed_Solaris_g2.txt,2002,Drama,PG-13,14970038,47000000,-0.824818704255319,-2.51307934949692,0.7348229,-0.3899416,0.8386099,-1.106543,1.268286,-1.449436,-0.1953089,-0.6404555,0.6110733,-2.112525,1.202514,-0.442656,-0.7566848,-0.6730165,-0.4193259,-1.33441,-0.4502175,-0.9123301,0.8316452,-2.041275,0.9563514,-1.652426,0.08701703,-1.579388,-0.243164,-0.5508848,0.1496158,-0.6514965,-0.008225832,-0.9231915,-0.5320021,-0.6807107,-1.596011,2.057999,-1.137791,0.8930797,-0.8089455,-0.01272426,-0.3572962,-0.3066067,-1.25369,0.2405999,-0.4253572,-0.8524535,NA
Parsed_soldier_g2.txt,1998,Action,R,14623082,75000000,-0.892764065333333,-3.22113966224286,0.2579125,-0.3876038,-0.3042985,-0.2477629,-0.5631355,-0.04171255,-0.9592622,-0.5468076,-0.6386782,-0.1970308,-0.4681295,-0.09608563,0.07224746,0.03265945,-0.2283121,-0.2374228,0.3545183,0.4527285,-1.11796,-0.03468304,-0.4688715,0.2547185,-0.6244844,0.04161228,-0.7295275,0.3094357,-0.3713849,-0.1429872,-0.3898491,-0.7262902,-0.5726433,-0.4503327,-0.5581649,-0.2926146,0.05506177,-0.798244,-0.07670109,-0.1055044,-0.3264014,0.4506631,-0.3800371,-0.7095001,-0.7046822,-0.5538345,NA
Parsed_Spanglish_g2.txt,2004,Comedy,PG-13,42044321,75000000,-0.691674979333333,-1.69747612556219,-0.8302339,0.6403566,0.5431023,-0.1113336,-0.3351951,0.3861946,-0.7224849,0.4888022,0.365111,0.4818621,1.544903,0.6979144,0.959691,0.9749114,0.3531847,0.09735693,1.415474,1.098742,0.4735924,1.221032,0.6962236,0.2326772,0.6663914,1.155577,0.6917332,1.075986,0.6923798,0.8436874,0.4220609,0.2656277,1.48194,-0.3055781,1.597818,0.3532619,0.3693871,0.7808091,1.425132,0.5970137,0.9349879,0.7943998,0.6388855,0.8491275,0.6158948,0.672288,NA
Parsed_Sphere_g2.txt,1998,Horror,PG-13,37068294,73000000,-0.720718332876712,-1.84020722094149,0.2906151,-0.03812097,-0.113054,-0.04123179,-0.8362454,0.08578919,0.2909761,-0.221775,-0.3231078,-0.8639828,-0.3882715,-0.3869754,-0.502993,0.02161815,-0.5752063,0.001936073,-0.3035963,-0.4570524,0.5248489,-0.4763353,-0.1779677,-1.100321,0.1674515,-0.3552041,0.09563526,1.264769,-1.119514,1.006438,-0.1885524,0.01713606,0.1330429,-0.4228749,-0.2760927,0.5172489,-0.7607315,0.8047286,-0.08902134,0.1350272,0.5839845,-0.1550642,0.3499455,-0.2260092,-0.3490512,-0.3128022,NA
Parsed_Spider-Man_g2.txt,2002,Action,PG-13,403706375,139000000,0.597399325539568,0.675725009656405,0.03800424,-0.2784507,-0.03136416,-0.1233286,-0.04594264,0.570616,0.2494894,-0.6951104,0.5295848,-1.122712,1.570887,-0.2590376,0.1992108,-0.4200788,0.1857126,0.3530897,-0.1054045,-0.1806946,0.7880437,-0.6949857,-0.5251245,0.3830966,0.1979618,-0.7847364,-0.9696699,0.3142956,0.09755408,-0.2913503,-0.8527056,0.08717105,-1.096036,0.3021772,-0.5287347,-0.556531,0.3764267,-0.01554823,-0.468901,-0.2250289,-0.3963496,-0.3007771,-0.3760294,-0.4433433,-0.09899315,-0.2813435,NA
Parsed_Star-Wars-Return-of-the-Jedi_g2.txt,1983,Action,PG,309205079,32500000,4.23270133692308,2.38755591765008,-0.01491443,-0.3241705,-0.4847267,0.4119761,-0.1727941,0.547812,-0.1891101,0.1384134,0.1013803,0.1116549,0.1530176,0.3245416,0.2460381,0.3907951,0.4408875,-0.3144136,-0.8840924,0.1902259,0.3583007,-0.6412534,0.7273944,0.5652024,-1.172274,1.45253,-0.6335816,0.0475271,0.1418128,1.054966,-0.07520854,0.1647525,-0.04982914,0.4002428,-0.207301,0.1598363,0.2339524,0.2147747,-0.1531611,0.2198342,0.1764394,-0.1724955,0.4316455,-0.2878436,0.6722707,-0.4433756,NA
Parsed_Supergirl_g2.txt,1984,Action,PG,14296438,35000000,-0.775341688571429,-2.15419565828765,0.3867678,-0.5185695,0.2572631,-1.042061,0.6199877,-2.898828,-0.3934549,-1.196685,-0.435513,-0.720696,-0.4365271,-2.349942,1.009043,-1.575314,-0.1552308,-0.4483185,-0.3539813,0.4559266,-2.104365,-0.1105826,-0.3168218,-1.903261,-1.028442,0.1664884,-0.8672414,-0.420664,-0.4320021,-0.1134716,-0.2997165,-0.2840148,-0.1935065,-0.2542897,0.1090007,-0.3422961,-0.007954779,-0.3868791,-0.1093017,-0.483946,-0.283146,-0.4443844,-0.4708028,0.266451,-1.044274,-0.01236892,NA
Parsed_Suspect-Zero_g2.txt,2004,Thriller,R,8712564,27000000,-0.822521844444444,-2.49428662976894,0.02349828,-0.121349,1.080934,-1.115047,0.43332,-0.1536185,-0.1736079,-0.3682072,0.1311766,-0.2209857,-0.2367404,0.1754184,-0.2455821,-0.7375454,0.6232211,-0.4620961,-0.1613943,0.1135079,-0.1860915,-0.4616969,0.1872286,-0.2587713,0.09771732,-0.3746207,0.5011715,0.6645088,-0.5220538,0.1297943,0.3499619,-0.2460151,0.5351432,0.2448117,-0.6681248,-0.5982121,0.1059447,-0.1519758,0.3531989,-0.1186037,0.5802351,-0.1461046,0.09613389,0.2643387,-0.0276469,0.05004873,NA
Parsed_Swordfish_g2.txt,2001,Thriller,R,69772969,102000000,-0.623773206372549,-1.41032549840005,-0.02797171,-0.03914662,0.4514155,-0.5968592,-0.2205524,0.1324447,-2.433133,1.486742,-1.086689,0.280379,0.9686375,-0.7842947,-0.3360735,-0.02016657,-0.9635546,-0.05592185,-1.826653,1.136758,-0.2878651,0.626712,-0.4505462,0.3339011,0.457487,0.4107537,-0.2741908,-0.9410293,0.3136017,0.2448933,0.05851714,0.2242201,0.08470321,-0.1873614,-0.3264421,0.7452668,-0.9953928,0.8013668,-1.212151,0.4103313,-0.09777205,-0.3785842,-0.1787948,-0.03116469,-1.377907,-0.698683,NA
Parsed_Taking-Lives_g2.txt,2004,Thriller,R,32682342,45000000,-0.600549153333333,-1.32391010771179,0.1471662,-1.171172,-4.40393,0.2026154,0.09767996,0.1448018,0.1171264,0.2568393,-0.09873528,0.00614986,0.3966914,-0.03100513,0.2066439,-0.03725732,-0.1656181,0.02718361,-0.003894106,0.1241535,-0.1693722,-0.007368163,-0.3263426,0.07553149,-0.3000614,0.2864311,0.4233587,0.1439895,-0.368449,0.3776723,-0.3452878,-0.2581446,0.04023746,0.05462667,-0.1516941,-0.3983644,0.05271998,-0.02493681,-0.2620496,0.3022502,-0.1644108,-0.07418974,-0.1073707,0.1791232,0.1371661,0.06550086,NA
Parsed_Terminator_g2.txt,1984,Action,R,38019031,6400000,2.2672604765625,1.70808147567131,0.3381265,-0.7712659,-0.6607167,-0.6532835,-0.9666913,-0.3067496,-0.4379447,-0.6471857,0.1813467,-0.8818316,-0.1144253,-0.2030843,0.09743667,-0.2188794,-1.327401,1.027268,-0.2821259,-0.7222575,-0.6026535,-0.82084,-0.1069166,-0.8820901,-0.3989713,-0.983997,-0.2462686,-1.122161,-0.6229256,0.7378817,-0.6487132,-0.8005521,-0.2909532,-0.7990275,0.3868229,-0.5616695,-0.1201249,0.4464086,-1.08591,-0.6836009,-0.5671221,-0.5187703,-0.6981917,-0.5014188,-0.7370825,-0.5679999,NA
Parsed_TheBodyGuard_PDF.txt,1992,Thriller,R,121945720,25000000,1.68280584,1.423742647664,-0.07444665,0.6281651,1.204232,-0.07644402,0.2792789,0.6864122,0.6283384,-0.2854907,1.230124,-0.6323144,0.9919155,-0.755182,-0.08046898,-0.8654076,0.3589756,0.3562026,-0.4554363,1.142531,0.2437175,0.9271107,-1.46052,0.7659342,0.5492242,1.511222,-0.5741982,0.4343877,-0.1524149,-0.1955346,1.675194,-0.9543858,1.568145,0.1294354,-0.09044145,-0.383954,0.4650883,-0.1722118,0.6884738,0.5927022,0.2069747,0.6568188,0.2365827,-0.2327253,1.903723,-0.7800276,NA
Parsed_Theres-Something-About-Mary_g2.txt,1998,Comedy,R,176484651,22000000,3.412116275,2.1414708115901,-0.1013568,-0.2013504,0.1221937,-0.03385679,-0.1667206,0.03263673,-0.6076216,1.052469,-1.296958,0.6709875,0.449173,0.8849168,0.1158285,0.5349263,1.053453,0.260591,-0.2051511,0.1319358,-0.2452961,0.8697749,0.4710335,1.024866,0.2145813,0.187803,-0.1179336,0.3051205,0.05824575,0.6455767,-0.8366002,1.31685,-0.08088636,0.7658515,-0.3583734,0.6468578,-0.659891,1.479582,-0.146766,0.8307509,-0.01715192,1.07059,0.3092121,0.763071,-0.5263862,0.101465,NA
Parsed_thering_g2.txt,2002,Horror,PG-13,129094024,48000000,0.479202358333333,0.564819429985285,0.2270214,0.9980444,2.692237,-0.6872567,0.5790159,-0.4175035,-0.3310985,0.005276986,-0.3450349,-0.4110079,0.4347856,-0.6336922,-0.1461804,0.1940255,-0.8083147,0.2721743,-0.8561188,0.1209612,-0.7564726,-0.2020152,-0.1411737,-0.5423859,-0.2255353,-0.1587636,-0.2928157,-0.07533496,-0.7469038,0.1408589,-0.9788497,-0.1348712,-2.152555,-0.0708737,-0.5392689,-0.1612897,-1.049213,-0.2718586,-0.3358709,-0.7226742,-0.09404438,-0.547527,0.02778508,-0.6086125,-0.07930271,-0.3395483,NA
Parsed_They_g2.txt,2002,Horror,PG-13,12840842,17000000,-0.584560994117647,-1.26729141661725,-0.0360007,-0.02173524,0.2610864,-0.2006493,-0.4377458,0.3315581,-0.1779372,-0.4952345,0.04509839,0.1660458,-0.2206704,0.1002748,-0.1051207,-0.9553957,0.4913727,-1.171855,-0.4730073,-0.2319408,0.3018655,-0.1575964,0.4140913,0.487255,-0.5147507,0.1050707,-0.6090185,0.3296569,-1.378014,0.9063655,0.1470647,-0.4830791,-0.7160646,-0.7678861,0.5403616,-1.249087,0.9939631,-0.7732373,-0.1207876,-0.5669108,-1.175985,-0.2091707,-0.8429422,-0.6551253,0.09865545,-0.1527877,NA
Parsed_Three-Kings_g2.txt,1999,Action,R,60652036,48000000,-0.305028754166667,-0.524974806766073,-0.1826994,0.1517701,0.6524854,-0.3360867,1.132354,0.8029578,-0.1855233,-0.57407,1.537558,0.515509,-0.4180762,0.3752083,-0.054112,-0.2215829,0.08397528,-0.431074,0.04042907,-0.522626,0.8647761,-1.003241,2.127874,-0.1670789,0.1772279,-0.07543891,-0.03932429,-0.0694852,0.01345631,-0.1982509,-0.4629699,0.1503764,-0.7727857,0.4251597,-0.4901102,0.2003002,-0.06186288,-0.1115093,-0.0866336,-0.2161303,0.5065604,-0.2855583,1.330556,-0.3264189,-0.14206,0.7128499,NA
Parsed_Three-Men-and-a-Baby_g2.txt,1987,Comedy,PG,167780960,15000000,5.15196853333333,2.62104812408647,0.6024029,-0.7652899,-0.3466927,-1.679641,0.2431652,-1.131572,-0.3999985,-0.7547278,-0.5935325,-1.367473,0.6183166,0.06091961,0.6738297,-0.5089213,-0.261518,0.1542703,0.3754692,0.1985357,-1.120361,0.8088205,-0.8258303,0.4392896,-0.2298066,-0.4121371,-0.3887239,-0.006384517,-0.6395003,-0.5269898,0.1682045,0.06584679,-0.7162595,-0.08615155,-1.106057,0.1940056,-0.1799705,0.4062226,-0.402302,-1.028606,-0.3990275,-0.8677798,-0.4417556,-1.081896,0.3371429,-0.8545046,NA
Parsed_Tin-Cup_g2.txt,1996,Comedy,R,53854588,45000000,-0.341777257777778,-0.603352221077178,0.2612732,-0.2715868,-0.6151717,0.07152965,0.09887919,-0.3014728,-1.247066,0.2787089,-1.116033,0.8828413,-1.729913,0.619207,-0.2228347,-0.4457854,-0.4470506,-0.2834537,-0.1492443,-0.6381712,0.2322169,-0.2114958,-0.2280294,-0.5278648,-0.3180793,0.02069201,-1.149907,-0.905727,-0.9208209,0.142714,-1.480799,-0.3832111,0.1906431,-0.4359421,-0.5807238,-0.6547584,-0.8372368,-1.495452,-0.6176162,-1.19111,-0.6347399,-0.4102928,-0.7679378,-0.5350118,-1.029331,0.04218803,NA
Parsed_Titanic_g2.txt,1997,Drama,PG-13,600788188,200000000,0.652167517,0.724359972285636,0.07329423,0.08487565,-0.08267953,-0.3851184,-0.3175918,-0.5016544,0.9545264,-0.07084467,0.1691719,-0.4332464,-0.2918983,-0.2174965,-0.320183,0.1055963,-0.9569793,0.510921,-0.8535444,0.1891978,0.02391169,0.04876503,0.2239642,0.07202979,0.2014965,-0.01855874,0.2349835,-0.3977829,0.6003513,-0.149902,0.04648694,-0.1993456,0.4370355,-0.1737409,0.5770126,-0.07749385,0.4378639,0.3365822,0.2878909,0.4926822,0.3551036,0.4976625,-0.568484,0.4938625,-0.2475941,-0.08158219,NA
Parsed_Tomorrow-Never-Dies_g2.txt,1997,Action,PG-13,125304276,110000000,-0.37347862,-0.674564352628846,0.01494635,0.2865266,0.5708519,-0.2935491,0.1852903,0.2864307,-0.6827858,-0.1075888,0.1811742,-0.3424807,0.2637043,0.4028779,-0.03484328,0.4291613,1.332507,-0.8061773,1.246549,-0.6236174,0.2023481,-0.02908178,-0.03117546,-0.8368543,0.9291844,-0.5865135,-0.3560262,0.2429496,-0.04857614,-0.6352172,0.5695063,-0.2409171,0.4405338,0.08934895,0.1108913,0.1049853,0.606778,-0.1162301,0.2042564,0.4477585,0.2197951,0.08315819,0.2558645,0.2153772,1.194544,0.4835856,NA
Parsed_toy_story_g2.txt,1995,Action,G,191780865,30000000,2.515982525,1.81392790007219,-0.6438219,0.194166,0.9731554,-0.2574807,0.8596369,0.2812961,0.333358,-0.8479201,0.2078817,0.1954621,-0.4056443,0.8410611,0.8741575,0.496691,0.2974997,0.7857903,1.144833,0.8093798,1.056474,1.451594,1.697307,-0.4886682,1.765964,0.1435282,1.880436,-0.73873,0.2783108,0.394232,0.6416904,0.517838,1.292974,0.9190516,0.8598925,0.9653933,1.811556,1.286294,0.8657901,1.2424,0.4952401,0.4513824,1.026313,0.5665317,0.1744584,0.2326286,NA
Parsed_Troy_g2.txt,2004,Action,R,133298577,150000000,-0.511238551,-1.03279759763962,-0.09170592,0.4470405,1.090057,-0.6363276,0.3798001,-0.06136042,-0.2844386,0.5968293,-0.4988196,0.4575533,1.108962,0.3229618,1.413795,0.5431538,0.9573581,0.5262597,0.1577428,0.8730462,-0.6747463,1.047055,-0.8352372,0.7143458,0.6176837,0.3987676,-0.01294863,-0.3863905,1.215306,-0.4424765,0.4448816,0.2628421,0.5632122,-0.4750249,0.4223671,0.3045258,-0.3018929,0.3461319,0.248065,0.8124565,0.5505537,0.3858625,-0.6603523,0.9961985,-0.6134296,0.5601234,NA
Parsed_unforgiven_g2.txt,1992,Action,R,101157447,14400000,2.86365248958333,1.94996533897163,-0.08948901,-0.3009821,-0.2753188,-0.5278073,-0.610015,1.235343,-1.217656,0.5489214,0.02505297,-0.4711637,0.2697762,0.6251084,-0.1778281,0.1503165,-0.5639768,0.1858669,1.131636,0.03059564,0.2455114,0.552701,-0.2584375,0.3849714,-0.4796398,0.3096262,-0.6971036,0.7219553,0.472076,-0.2036844,0.8008282,0.6330674,0.6517935,0.6817918,0.3306086,0.92155,-0.5078287,0.09275319,-0.1594282,0.06970753,0.4209606,0.3752322,0.1105885,0.1963033,0.1289112,0.4192066,NA
Parsed_Virtuosity_g1.txt,1995,Action,R,23998226,30000000,-0.560032523333333,-1.18453121428727,0.2720393,-0.1867532,0.7911505,-1.305549,-0.1967473,-0.001275327,-0.878027,0.118613,-0.8257651,-0.1524031,-0.3080253,-0.09829137,-0.4561911,-0.4621546,0.01452051,0.2389653,0.07602875,-0.2777719,-0.3687431,-0.1345585,-0.1562042,0.4154947,0.07220718,-0.004836628,-1.01785,0.1925056,-0.6864467,-0.8039259,0.4022297,-0.1938287,0.5353375,-0.2420937,-0.3404053,0.6511334,-0.5354688,0.1310275,-0.4204779,0.124711,-0.9677148,-0.5340454,-0.5199227,0.04857275,-0.2664083,0.1970101,NA
Parsed_What-Lies-Beneath_g2.txt,2000,Thriller,PG-13,155464351,90000000,-0.049940077222222,-0.073909584003824,-0.7844168,0.06050568,-0.3641817,1.328336,0.06493219,0.923518,0.6328218,0.3642447,0.2750587,-0.04231162,1.196767,0.05068224,1.060543,-0.2100985,2.023294,-0.6299367,0.3734988,1.495761,-0.6685314,1.311681,1.581424,0.2760024,0.5391053,2.115342,-0.9895852,0.9133796,1.704376,-0.779648,1.022001,0.9457281,0.5363044,0.3907921,0.121226,0.9768105,-0.4624498,1.858288,-0.7199653,0.518233,0.4702152,0.1102774,0.4497149,-0.4592551,0.2880831,0.244875,NA
Parsed_Wild-Wild-West_g2.txt,1999,Action,PG-13,113805681,175000000,-0.642325002571428,-1.48327882180589,0.05373793,0.3131274,0.4609157,-0.1645405,0.3467477,-0.3832598,0.5640044,-0.6994681,0.8297362,-0.5990963,0.357324,-0.1442349,0.05660487,0.07409454,-0.2830604,0.08809305,-0.2133187,-0.2515451,0.2808303,-0.7455156,0.4828038,-0.1207582,0.1039587,-0.1379573,0.1819882,-0.4781147,-0.2123466,0.1445109,-0.1671435,-0.1692651,0.205037,-0.5489128,-0.3814488,-0.4301557,0.2271701,-0.4084461,-0.02815924,-0.1832766,-0.001988101,-0.5628305,-0.4052278,-0.04857567,0.2538111,-0.1631386,NA
Parsed_Yes-Man_g2.txt,2008,Comedy,PG-13,97690976,50000000,0.074600736,0.103800731267836,-0.03423582,-0.1594148,3.221898,-5.759138,2.491571,-2.939012,0.2211088,-0.2553807,0.01916086,0.5745988,-0.6125645,-2.043474,1.259497,-0.4364278,0.4316482,-0.227797,-1.418113,0.8552513,-0.2975876,0.252625,0.1629484,-0.06679837,0.1674648,0.1228785,-0.1121467,0.3819305,-0.1048932,0.1796966,0.1101825,0.238638,0.03198222,0.03908626,0.1469347,-0.101864,0.2317196,-0.1081446,0.1978997,0.2228564,-0.2083724,0.9564442,-3.460309,1.991133,-1.321051,0.8452578,NA
Parsed_You-Can-Count-On-Me_g2.txt,2000,Drama,R,9180275,1200000,3.20762604166667,2.07300648889661,0.8761392,-0.3596132,-0.04824893,-0.498351,-0.7996352,0.0795222,-0.9387244,-0.5417736,-0.2696479,0.3268842,-1.008619,-0.9225345,0.2099695,-0.4451806,-0.4208077,-0.5349524,-0.8440443,-0.9353294,0.5543452,-1.579304,-0.2122984,-1.171647,0.1474297,-0.7980647,0.4338676,-1.584382,0.1407226,-1.49972,0.2829927,-0.714041,-0.1602171,-1.54166,0.1122621,-1.84532,-0.09617856,-0.3788047,0.639575,-0.1726865,-1.020624,-1.004582,-0.7647117,-0.09278519,-1.191494,0.1722617,NA
Parsed_You've-Got-Mail_g2.txt,1998,Drama,PG,115821495,65000000,-0.019971965384615,-0.02910507543289,-0.1100811,-0.1221185,-0.433424,0.06510808,0.08333563,-0.2350025,0.08130012,0.0481262,0.5837924,-0.4614734,-0.254042,-0.06224113,1.625313,-0.3805993,-1.033346,-0.1813715,0.476497,-0.1902335,0.5088508,-0.4659689,0.4051985,-0.2565346,0.7232254,-0.3368433,-0.407862,0.6084834,-0.9757517,0.485819,0.620998,-0.24585,0.1060281,-0.5097334,-0.1899514,0.1988722,0.5182844,-0.6566828,0.9659145,0.4271861,0.3741545,0.05313105,0.1046221,0.21454,0.3870931,-0.1770281,NA