Movie Title,Year,Genre,Rating,Gross,Production Budget,orig ROI,ROI,,,,,,,,,,,,,,,,,,,,,,,,,,,,,,,,,,,,,,,,,,,,
5th Element,1997,Action,,63820180,95000000,-0.630514747368421,-1.43641131205823,0.5974098,-0.7668366,-0.187518,-0.9342838,0.02792881,0.02228169,1.22078,-0.6136717,-0.2656359,-0.08918515,-1.040693,-0.6545211,-0.8403488,-0.6647498,-0.7234307,-0.3590435,-1.040303,0.1960828,-0.7002498,-0.8687722,-0.9254181,-0.6598209,-1.60088,0.4717871,-1.242394,-0.2686172,-1.235143,-0.4036542,-0.5537882,-0.7669084,-1.459838,0.1129738,-0.7823052,-0.6077109,-0.3413739,-0.9325209,-0.2540688,-1.748072,0.6311417,-0.7221424,0.4123506,0.1125622,0.06117397,-0.5577271
Ace Ventura Pet Detective,1994,Comedy,,72217396,15000000,1.64797118666667,1.40488742385235,-0.2829129,-1.028642,-0.5413347,-0.7218107,-1.142789,0.5509967,-0.5563829,1.373502,-1.040945,0.7242814,0.7334373,-0.1010274,0.9651271,-0.4771228,0.6576597,0.9573969,-0.3894904,-0.2183732,-0.4277551,1.128841,0.07978793,0.5794063,0.5963693,-0.6357112,0.5550181,-0.008441829,0.1938401,-0.4788147,0.02409258,-0.7950971,0.548233,1.195675,-1.326909,1.158661,0.08653036,0.6267431,-0.07645894,0.3167731,-0.5799418,0.4042572,-0.02754751,0.05956301,0.1905642,0.1098638
American Gangster,2007,Thriller,,130164645,100000000,-0.2840944525,-0.482158835808507,0.15963,-0.8429422,0.5115461,-0.8267053,-0.6812628,-1.057744,-0.05729457,-0.5606404,-0.4632941,-0.1689695,-0.3679724,-0.4377244,-0.1419243,-0.8890657,0.02763694,-0.382262,-0.8306159,-0.9852401,-0.3038578,-0.3885027,0.07673188,-0.4547343,-0.79275,-1.202365,0.03819984,-0.5860774,0.007555771,-0.8736422,-0.525465,-0.2271641,0.5676684,-1.219206,0.06294911,-0.5186061,-0.4288428,-0.7848075,-0.687118,-0.5605033,-1.494621,0.02373349,-0.957589,-0.760807,0.08183857,-1.278782
Assassins,1995,Action,,30303072,50000000,-0.666666208,-1.58496051557415,-0.5055496,0.9911304,0.3315217,0.2860374,-0.5561174,0.5295004,-0.1895912,0.3068429,-0.5344484,0.0872843,0.1926359,0.4145614,-0.05160403,0.3811328,-0.08346181,0.04510591,-0.1213147,0.1534945,-0.2690268,-0.003245529,0.5041535,-0.3504822,-0.5139269,0.4525897,0.2043222,0.884241,0.3074257,-0.1832969,1.109893,-0.7899,0.9188337,-0.3781977,1.301366,-0.8530257,1.13751,-0.2099561,0.4923283,0.6155512,0.5399026,0.2598148,-0.1541884,0.8780209,-0.6587437,0.2917663
AWalk to Remember,2002,Drama,,41281092,11800000,0.924118694915254,0.944197798735693,0.1084862,-0.5081115,-0.07211027,-1.115484,-0.587761,-1.041067,0.3897886,-2.333159,-1.379777,-0.3295031,-0.8929068,0.727825,-0.6662318,0.1169105,-0.1791277,0.08714977,-0.8667456,0.08417215,-0.7838017,0.2810403,-0.8535924,-0.2801519,-0.7492618,-1.050934,0.2641416,-0.5289883,-0.5914937,0.50017,-1.631528,0.8360316,-0.3311161,-2.171869,-0.1044082,-0.1240081,-0.1752517,0.334412,-0.5792417,-0.3291005,-1.216583,0.03178902,0.3076841,-1.01706,0.07490271,-0.8243746
Babel,2006,Drama,,34302837,20000000,-0.0566719825,-0.084168577502864,-0.04180124,-0.2714416,-1.385427,-0.3637608,-1.087715,1.033222,0.5526092,0.09566585,0.02369511,0.3554755,-1.544729,0.601411,0.5768919,-0.01849734,-0.08193215,0.1133992,0.451395,0.1564905,0.1712768,-0.032259,0.09595796,-1.554313,0.3779106,0.6503095,0.5906831,0.05426992,0.1284771,0.07367713,0.1715112,-1.043829,-0.04973328,0.919424,-0.03931095,0.5878903,0.1650671,-0.1886591,0.5306926,0.7315196,0.2785509,0.3565025,0.07559229,0.3338289,0.1614767,-0.1816615
Batman and Robin,1997,Action,,107325195,125000000,-0.527769142,-1.08243577710522,-0.2918464,-0.1464943,0.4033124,-0.6674133,-0.3542999,0.07505144,-0.7239916,0.4210803,0.6896076,0.9954596,-0.2620667,0.9294782,0.7104449,0.8515629,-0.1278126,0.9264185,-1.95702,0.8063059,-1.349832,-0.1484513,-1.544327,1.187161,0.1767482,0.6548811,0.8050516,0.7770043,-0.2418655,-0.1238368,1.142258,0.1997332,0.6593974,-0.2416662,-0.3087397,-0.4528721,-0.6988781,-0.7353733,-0.6428644,0.2528634,-1.165789,0.0527574,-0.7294603,0.141121,-1.084984,1.662173
Bones,2001,Drama,,7316658,16000000,-0.74848988125,-1.9913116512113,0.1923803,0.1856276,1.170391,-0.8482273,0.3723296,0.0134593,-0.0928642,0.006733984,-0.3071594,0.05743021,-0.8066017,-0.6036998,-0.1794227,0.4040526,-0.2069527,0.7145641,-0.7894914,1.168321,-0.3265422,0.2695195,-0.0527275,-0.107725,-0.1427925,0.2081074,-0.2085,-0.4796112,-0.1840424,-0.214155,0.5815893,-0.639297,1.24634,-1.582807,0.4559963,-1.043604,-0.2559094,-0.66047,0.04813321,-0.4578686,0.05758517,-0.4038868,-0.3169551,0.3706144,-0.381105,0.5733938
Bourne Identity,2002,Action,,121661683,60000000,0.115232094166667,0.157343984816861,-0.1493668,0.4164868,-1.040919,1.852945,-0.580424,0.4354537,0.7298148,0.5641289,-0.1029756,0.01982079,0.3507794,-0.3921464,0.8264408,0.6304173,0.6558544,1.09355,0.5001174,-0.02303062,0.4816429,1.143388,0.3604531,0.317802,0.175899,0.3069796,0.3740762,0.4675292,-0.01177404,0.9479105,-1.843397,0.8466864,-0.3250817,0.8274251,-0.2858063,0.2878258,-0.302423,0.5948117,1.016148,0.8845189,0.809571,0.8808433,1.178892,-0.3520262,0.9671556,-0.4792248
Brazil,1985,Drama,,9929135,15000000,-0.635931716666667,-1.45771903240977,0.2152114,-0.03520665,-0.1304315,-0.215254,0.07205204,-0.008379935,-0.2639758,0.02724714,-0.5908894,-0.3628208,0.2198486,-0.4574983,0.5036739,-0.4279192,-0.5693352,0.1883298,-0.2439366,-0.0917161,-0.2747657,0.07038352,-0.3878094,0.3762159,0.06501801,0.2643712,0.0983402,-0.1399251,0.2692011,-0.1262307,0.5115157,-0.3043922,0.2956252,-0.7478272,0.5115318,-1.281936,0.1503572,-0.1541108,-0.07875543,-0.139702,-0.2565283,-0.01457749,-0.120541,0.1310361,0.2950347,-0.304729
Bruce Almighty,2003,Comedy,,242829261,81000000,0.648840661111111,0.72145198790104,-0.06198853,-0.0103133,0.3410279,-0.02657122,0.8508172,-1.592603,1.062096,-1.23239,0.6416346,-0.8165336,0.7125895,-0.8441294,0.5559574,-0.008627437,0.4922493,0.03052686,0.1748482,0.3670286,0.08820963,0.5497478,-0.1752935,0.5341396,-0.06930002,-1.189274,0.574458,0.2484478,0.6663157,-0.04433388,0.2168564,0.2156877,0.5021136,0.419547,-0.5754502,0.6846411,-0.1775451,0.6725537,0.1209003,-0.2578819,0.4690667,0.9824119,-1.736413,0.1339104,0.6276103,0.4872396
Charlie's Angels,2000,Action,,125305545,90000000,-0.234243891666667,-0.385043124833211,-0.05903718,0.2057958,4.17022,-0.5673405,0.02957718,-0.04510457,0.0425215,-0.09941276,-0.07486591,0.2481205,-0.2218853,0.1304104,0.19901,-0.1890207,0.284991,-0.06119199,-0.05025945,0.09670046,-0.1201534,0.1951415,-0.2976036,0.07751945,-0.1613424,-0.01088958,0.02098125,0.01503916,-0.09109123,0.1142563,-0.1161349,0.01624597,-0.001870065,-0.2711236,0.03919721,-0.106854,-0.07171562,-0.2535575,0.1465146,-0.3285828,-0.1062765,0.07848523,0.1498161,0.03781377,-0.1459888,0.1279427
Collateral Damage,2002,Thriller,,40077257,85000000,-0.740676572352941,-1.94717554768781,-0.133106,0.8228607,-1.819033,1.328789,-1.143653,0.4832354,0.06071258,0.6103261,0.06604706,0.5808843,0.4847787,-0.460025,0.7401544,-0.9309697,0.8730661,-0.4678588,0.1606662,-0.4519275,0.5563426,-0.1340829,0.2813722,-0.1251034,-0.05289339,0.04761427,-0.3950906,-0.6948492,-0.1759288,1.398106,-0.879222,0.6022926,-0.5381674,-0.3306328,0.1602689,-0.3556534,-0.008977346,0.5562728,0.07132751,0.4307079,0.1992929,-0.05468398,-0.5438273,-0.05107067,-0.352627,0.01459741
Dances with Wolves,1990,Drama,,184208842,19000000,4.33236121578947,2.41477451234309,0.2671151,0.03061633,0.2695135,0.05517215,0.01593558,0.4001213,0.14113,0.1533983,0.0735513,0.1671775,0.06435895,0.1430498,0.0140258,-0.3749834,0.2493002,-0.1671086,-0.391927,0.6362237,-2.121592,0.9669364,-0.5937757,0.06388917,0.2230582,-0.169178,-0.2450914,0.4608382,-1.021429,-1.237091,-0.2689396,-0.8256846,-0.0236231,-0.3441224,0.223187,-1.220692,0.01025291,-0.6970712,-0.574821,-0.2580299,-0.01431964,0.1067954,-0.5171902,-0.337865,-0.6443219,0.023893
Day of the Dead,1985,Horror,,5804262,3500000,-0.087901685714286,-0.132738755269383,-0.1490417,0.4099901,0.4742815,-0.1005106,0.9895781,0.3262873,1.118089,0.3985156,0.6227366,0.701657,0.3938469,0.6853801,-0.2463125,0.4204913,0.1482095,0.4845838,1.040423,0.002736656,0.1365194,0.6794175,-0.3342612,0.5326362,-0.04085317,-0.08679319,-0.09884226,0.2009622,-0.04191934,0.1505172,-0.5436355,-0.02039962,0.2874102,-0.2399618,-0.05803604,0.2639326,0.02195474,0.1505433,0.5156155,0.2276725,0.3660324,0.7646679,0.1307453,0.5484736,0.7248186,-0.8338145
Devil in a Blue Dress,1995,Thriller,,16140822,27000000,-0.671205477777778,-1.60474183123475,0.1136757,-0.09972253,-0.9394722,0.09444967,-0.826564,-0.08044987,-0.5213575,-0.5038721,0.1173617,-0.2921891,-0.1095242,0.01445875,-0.09219067,-0.09611745,-0.2767684,-0.2932702,-1.282439,1.035362,-0.4052798,0.2323442,-0.325593,0.1249527,-0.6258458,-0.3179079,0.1559267,0.2446231,-0.8405531,-0.6979517,-0.4640129,-0.5945151,-0.175191,0.1591205,-0.4448757,0.0979801,-0.4829719,-0.8515219,-0.3082304,-0.9834444,-0.3781114,-0.3414034,-0.4040145,0.3675734,0.5851806,-0.1875948
Disturbia,2007,Thriller,,80209692,20000000,1.20576653,1.14128009653388,0.2077631,-1.786646,-5.937175,-0.2076316,-0.4905965,-0.08815855,-0.3397822,-0.6613985,-0.2898032,-0.5409104,-0.1038862,-0.4551862,-0.1535765,-0.1711993,-0.6331095,-0.2351599,-0.139469,0.002316586,-0.3463951,0.2050425,-0.04976013,-0.01839328,-0.3923584,0.06239981,-0.7412693,-0.5669898,-0.0659888,-0.01152885,-0.1059192,-0.1094979,-0.3547375,0.005403452,-0.582182,-0.5201608,-0.3705027,-0.5273616,-0.05508976,-0.3877938,-0.3569758,-0.5058778,0.2816268,-0.7477918,-0.04765952,-0.3830689
Dumb and Dumber,1994,Comedy,,127175374,17000000,3.11449739411765,2.04071620918885,-0.1069084,0.2405315,-0.3592326,0.3804885,0.2128697,-0.3057217,0.302943,-0.7233621,0.9696367,-2.561222,-0.4552707,-3.572389,-0.4585279,-0.8426151,0.0118297,-0.2613036,-0.7563007,-1.308865,-1.098645,1.657114,-2.602727,1.934898,-3.73247,0.5355095,0.07056647,0.03071801,0.05025291,0.0418835,-0.04382718,0.03196744,0.4991115,-0.01598071,0.2916395,-0.2522469,0.3253786,-0.007670731,0.2304391,-0.04108382,0.4513275,-0.2701087,0.4105997,0.2141192,0.2930204,0.3148564
Enemy of the State,1998,Action,,111549836,85000000,-0.278206943529412,-0.470342830072321,0.2459601,-0.6674052,-1.81521,1.178068,-1.316614,-0.2940553,-0.1639462,-1.611316,-0.3065485,-0.4190898,-0.2295253,-1.223484,0.2882794,-0.673223,-0.1031772,0.1208824,0.2543626,-0.4892308,-0.5304665,0.6416537,-1.066455,-0.5598333,0.02293054,-1.198105,-0.4203151,-0.4748547,-0.829033,-0.4128137,-0.2031862,-1.012453,-0.6043775,0.003391138,-0.01994083,-0.155302,-0.9392185,-0.02646897,-0.9534517,-0.4731726,0.4502052,-0.7620495,-0.7297174,-1.433075,-0.2256037,-0.4529484
English Patient,1996,Drama,,78716374,35000000,0.236971591428572,0.306812367431704,0.5395853,-0.1832546,-0.2318798,-0.4422771,-0.3848862,-1.392218,0.9092483,-1.865966,1.191721,-1.234658,0.1198184,-1.314658,-0.7836591,-0.1712689,-0.3065384,0.2380339,-0.3974117,0.3327906,-0.1153874,-0.3359343,-1.282854,0.07803216,-1.046462,0.1239189,-0.004678503,-1.342547,0.326168,-1.581361,-0.5477407,-0.8222437,-0.403206,-1.289247,-0.7317626,-0.6615032,-0.9632466,-0.2475254,-0.4293061,-0.5250681,-0.1298733,-1.250347,-1.04764,-0.3578089,-1.537877,1.458975
Eternal Sunshine of the Spotless Mind,2004,Comedy,,34366518,20000000,-0.054920755,-0.081492790341756,0.470316,-0.5154539,-0.07141862,0.279832,-0.8774009,-0.0938298,-0.539929,-0.4874019,-0.2840205,0.4308645,-0.6897061,0.4075671,-1.117452,0.02164376,-0.6457875,0.3243814,-0.9085932,-0.2097399,0.2941316,-0.2707068,-0.4141546,0.2068197,-0.6025822,0.3334038,-0.837044,-0.2172756,0.3293285,-0.7619005,-0.8288167,-0.5968915,-0.8727998,-1.119637,-0.08898193,-1.28201,0.8480705,-0.3298374,-0.7406498,0.4180626,-1.211061,-0.2020923,-0.3534314,-0.1871424,0.1018088,-0.9485505
Fantastic Four,2005,Action,,154696080,87500000,-0.02762464,-0.040414758962305,-0.5551879,0.7619938,0.9986981,1.228771,0.560973,0.4722475,1.078262,-0.04837369,0.8963907,-0.08479001,0.4914918,0.4412931,0.6743784,0.5883669,0.3379636,0.4983241,0.772009,-0.3395066,0.6491845,-0.07653775,0.8330043,0.7685528,0.5416926,0.9740395,0.5655159,0.5361029,0.1865343,0.7666992,0.3969629,0.7071772,0.5650239,0.8436757,0.7563358,0.1935502,1.021949,0.6126465,0.258688,0.04567237,-0.4735819,0.6525775,-0.2883159,-0.4628038,-1.501075,1.51823
Fight Club,1999,Drama,,37030102,63000000,-0.676721331746032,-1.62914978142136,0.0719483,0.07655539,0.3380469,-0.3936725,0.4166648,-0.5212281,-0.07371834,-0.9922049,-0.1715418,0.2330234,-0.02048905,-0.1495439,0.1213383,-0.3538891,0.5225354,0.1783578,0.3060919,0.3129706,-0.1745404,0.1197984,-1.043228,0.4490144,-0.2299042,-0.23193,0.20516,0.1228876,1.18815,-0.0536204,0.09698139,0.6376957,0.08856331,-0.3977517,0.5701891,0.441852,1.109758,0.4149538,-0.3721831,0.436208,-0.5678268,0.5232878,-0.7772139,0.4414925,-0.311077,0.2828922
Final Destination 2,2003,Horror,,46961214,26000000,-0.006589703846154,-0.009538395290472,0.04164351,-0.06533613,-0.2001942,0.02565032,-0.2658012,-0.1183063,-0.1218145,0.05097809,0.2033756,-0.2520103,0.2380617,-0.8067606,1.128887,-0.3308775,2.447195,1.443311,-0.8492388,0.2268043,-0.1176549,-0.1443178,-0.192549,0.01983152,-0.1729698,-0.01974257,-0.02739561,-0.1694969,-0.2003479,-0.1899147,0.08351595,-0.09534295,-0.1744226,-0.06621093,-0.2458606,-0.1133978,0.0874508,-0.2339149,0.1051858,-0.2763311,0.09633899,-0.1403027,0.1953848,-0.4472953,0.3644838,-0.4794834
Game 6,2006,Comedy,,129664,1000000,-0.9286848,-3.8096465867731,0.6804353,-0.4676179,0.6084226,-0.6005699,-0.02530269,-0.9254948,-0.08426328,-0.9104364,-0.1674645,-0.563477,-0.395436,-0.2282798,-0.31601,-0.4425928,-0.5440895,-0.8364819,-0.5235805,0.8055438,-2.959615,-1.672031,-0.05653536,-0.9246911,0.5510178,-1.011938,-0.1543308,-0.2804903,-0.4888028,-3.133807,1.097204,-1.967414,0.2319944,-1.148457,-1.459768,-0.7424058,-0.1495318,-1.080745,0.1629608,-2.191934,0.05015976,-0.3478422,-0.3073702,-0.7560306,-0.5585539,-0.1893821
Gattaca,1997,Drama,,12532777,36000000,-0.808527018055556,-2.3847872618218,-0.06566094,0.2942049,0.4938228,-0.2236644,0.9505372,-0.871485,-1.258251,-1.613906,0.4770468,-0.7732368,0.4861797,-0.2531556,0.23113,-0.3000796,0.522849,-0.3681891,0.5668322,0.277046,0.05348691,0.1500095,0.2156937,0.1807698,0.3574184,0.4894718,-0.04512453,0.1060179,0.3025399,0.09496428,0.1481467,0.4861555,-0.05121092,0.5722244,0.04614326,0.2947507,0.4946073,0.210607,0.5063698,0.4467349,0.2724972,-0.2365174,0.3974944,0.0420466,0.2267331,0.3061587
Gladiator,2000,Action,,187705427,103000000,0.002310532524272,0.003329548778748,-0.02888772,0.2814604,-0.8474309,-0.09523259,0.2713882,0.7696302,0.4474061,0.2571513,-0.3873427,-0.3224273,-0.1427936,-0.4286894,-0.4576155,0.2010195,-0.2160589,0.6836149,0.4089249,1.703151,-0.5743011,0.1325761,0.9452924,0.3800819,0.1671151,1.104205,-0.2908361,0.9364928,0.5089896,-0.8736733,1.158153,0.3228696,-0.4265953,-0.5518116,1.131888,-0.1695666,0.6712061,0.4530786,-0.1155635,-0.09441045,0.6132185,0.1818482,-0.1183147,1.012956,-0.7836008,1.597819
Gone in 60 Seconds,2000,Action,,101643008,103300000,-0.45882231945789,-0.885825754529323,-0.2390793,0.3537484,0.9437415,-0.4028664,1.413376,-0.2054353,0.3938236,0.293367,0.1887922,0.3307812,-0.4093251,0.6357119,-0.4911722,0.1750171,0.8589957,0.08065078,0.7152218,-0.2137318,1.079708,-0.06337357,0.4970601,-0.1365794,1.051556,0.1345651,0.6288295,0.3286046,0.7727009,0.1987886,0.9224193,-0.1006618,0.7033936,0.4753653,0.5227575,0.6999079,0.3006463,0.9977504,-0.2570262,0.9814349,0.6411531,0.6204355,0.8166542,-0.3920749,0.3348632,0.7973076
Groundhog Day,1993,Comedy,,70906973,14600000,1.67115309246575,1.41746266388457,-0.1172098,-0.1501008,-0.1241597,0.5154118,-0.1348373,0.7359486,-0.7935781,0.2115461,0.05075557,0.5172802,-1.148124,1.063792,-3.120203,1.298177,-0.682175,0.3633911,0.4972522,-0.3529764,0.3003496,-0.4667375,0.2433316,0.300998,0.1065045,0.2972416,0.1558016,0.110381,0.1074877,0.1067229,0.3539755,0.2845278,0.2141121,0.3723597,-0.170186,0.240874,0.2588465,0.2484744,-0.5527606,0.5455525,-0.4488228,0.4213618,0.2690866,-0.326313,1.353068,-2.456025
"Grudge, The",2004,Horror,,110359362,10000000,5.06976491,2.60164064008142,-0.1332666,0.03317714,0.6193605,0.2334389,-0.2688108,0.3697921,-0.1789555,0.2061041,-0.5604482,0.6830053,-0.4321547,0.01619931,-0.1777055,-0.4413059,0.09341047,-0.4006148,-0.05184582,-0.1858186,-0.3069932,-0.000339556,-0.6995896,-0.1436639,-0.2817065,-0.3930141,-0.538017,0.6765313,0.3464783,-0.1726651,0.9035092,-0.3204037,-0.800756,0.437577,0.09112337,0.8364504,0.4726946,-0.1116078,-0.07108675,1.115223,-0.3276887,0.6811272,0.03397903,-0.07569686,0.0565464,-0.2750973
Harold and Kumar Go To Whitecastle,2004,Comedy,,18250550,9000000,0.115311388888889,0.157446559013182,0.05507139,0.6598753,0.1351651,1.042217,-1.092022,-0.1505229,0.1535196,-0.1135111,0.377806,-0.6777072,-0.1182271,-0.4022105,0.1927201,-0.6025066,0.4324179,-0.2046518,0.1732979,-0.783174,0.4640932,-0.3001805,0.4981267,-0.443042,0.2452082,-0.247236,-0.1788254,-1.122644,0.430551,-1.010056,-0.5514844,-0.5669132,-0.05042819,0.1342458,-1.533746,-1.928629,0.972785,-0.2867488,-1.611254,0.1871231,-1.417416,-0.03897537,-0.007959595,-0.6558562,0.598172,-0.2665493
Hellboy,2004,Action,,59623958,60000000,-0.453447051666667,-0.871566828454639,0.3302874,-1.059074,-0.9659908,-0.5268279,0.01739267,0.1514975,-1.034475,0.04268497,0.5468683,-0.868468,0.2224287,-0.6408595,0.04351218,-0.5112901,0.1465058,0.1940891,0.367611,-1.228999,0.4107584,-0.764673,-0.7524595,0.8154612,-0.01771581,-0.7779504,0.202333,-0.2323492,0.631635,-0.4200243,0.2225128,-0.7833233,0.07417389,-1.039555,-0.2085704,-0.1546499,-0.8717358,0.1702539,-0.4865916,-0.1577785,-0.0923176,-0.2453036,0.0207707,0.271816,-0.9884874,0.2448089
Horse Whisperer,1998,Drama,,75383563,60000000,-0.308984005833333,-0.533208991454886,-0.1496153,-0.6816446,-1.643895,-0.1733797,-0.4382972,-0.8215997,0.3235071,-0.9443051,-0.2563138,0.08941323,-0.2875927,-0.1143801,-0.3519194,0.6332328,-0.1977531,-0.9417878,0.8565116,-0.4098717,0.01101332,0.4029896,-0.4436841,0.5913927,-0.5772045,-0.1697172,-0.2598475,0.08103815,0.3771321,1.269829,-0.01629077,0.6973706,-0.8841127,-0.9029705,0.2496788,-0.5882054,0.4806889,-1.096123,0.4837802,-0.8039753,-0.2823713,-0.2684972,0.2929942,0.8900751,0.3949743,-0.3075616
Hotel Rwanda,2004,Drama,,23530892,17500000,-0.26045768,-0.435295387580358,0.6355681,-0.1553282,0.1643536,-0.7841247,0.2722818,-1.450901,-0.30639,-0.5248541,0.5223481,-0.8944022,-0.4454027,-1.342033,-0.2521207,-0.5610016,0.6708428,-0.820616,0.607462,-0.3823376,-0.06209626,-1.368625,-0.1580845,-1.223981,-0.03181674,-0.1563678,-0.6718348,0.2600303,-0.9604759,-1.011986,-0.9559832,-0.7235599,-1.584568,-0.3371621,-0.5097225,-0.5071634,-1.081565,-0.01445626,-0.751852,0.4592694,-0.654692,-0.6303191,-0.6835029,-0.9726193,-0.9312489,0.3622069
IAmLegend,2007,Horror,,256393010,150000000,-0.059892296666667,-0.089102046433443,-0.2960286,-0.4307165,0.8096041,-0.6548682,0.7095852,-0.5155056,-0.8176628,-1.120106,1.231553,-0.1881759,0.9106346,0.09231892,0.7983775,0.5217356,0.5954235,0.2962342,0.7338107,0.6475322,0.2729581,0.5380792,0.4477979,0.6239738,-0.4539495,0.6724557,0.2159057,0.3748741,0.5067365,0.8363155,-0.06956098,1.004724,-0.2798683,0.7404899,0.05685924,0.7876421,0.3809774,-0.07214829,0.7634551,-0.328019,0.03055099,0.2103706,0.035539,0.2208597,-0.2530642,0.1771639
Independence Day,1996,Action,,306169255,75000000,1.24524120333333,1.16687044013814,-0.2360122,-0.128324,0.2637117,0.1387891,0.7080324,0.1248547,1.067618,0.02537238,0.6262879,0.2614985,-0.3478807,0.2515877,0.7127708,0.5153494,-0.2852899,0.4533268,-0.4969862,-0.1703334,0.3083968,-0.5440816,1.431791,-0.1467634,0.3654251,0.6082408,-0.08820708,0.5710146,0.6847375,-0.3478382,0.9527883,-0.2632681,0.5398261,0.01336808,0.0972144,0.06671708,-0.4922769,0.5260083,-0.4458607,-0.6062408,-0.03391431,-1.161444,-0.9874827,-0.6351428,0.1007302,0.7598468
Insider,1999,Drama,,28965197,68000000,-0.765722671323529,-2.0937107454177,0.3872176,-0.9832881,-0.2856186,-0.8767662,-1.60024,-0.08333864,-1.418121,-0.3604679,-0.300622,-1.039808,0.1053131,-0.4194871,-0.2820721,-0.3233054,-1.634727,-0.7306395,0.0807008,-1.545274,-0.8871247,-0.7385132,0.209853,-1.120112,0.348292,-1.141454,-0.2470253,-0.8589567,-0.4211215,-0.1117124,-0.9739796,-1.105688,-0.9276428,-1.357014,-0.731785,0.2545364,-2.414555,0.8147629,-1.426492,-0.3445474,-0.4068385,0.06131217,-1.096866,0.303644,-1.14151,-0.2246165
Insomnia,2002,Thriller,,67355513,46000000,-0.194662344565217,-0.312334303354197,-0.1220224,0.4200739,1.094572,-0.8279291,0.2121455,0.4225592,0.0134247,-0.2697813,1.455717,0.04779359,0.8215105,0.5452605,0.2425288,0.2243608,0.3344672,0.8233216,0.2057589,0.2363886,1.067973,0.5130146,-0.8643372,0.3469866,-0.4153388,0.1140835,1.100115,0.09258292,1.119058,-0.1569004,0.7044006,1.117106,-0.6510145,1.106852,0.1690876,0.399836,0.4558462,0.07124441,0.8437913,-0.03921134,0.8493017,0.7305705,0.9487916,0.8913128,0.5712063,1.072664
IRobot,2004,Action,,144801023,120000000,-0.336328644583333,-0.591459087177842,-0.1798592,-0.148614,-0.2613935,-0.1180064,-0.2776306,0.7433266,0.1199101,0.3481031,-0.2763039,-0.7859758,0.4258068,-0.1109424,0.4544739,-0.3868925,0.9976786,0.1300558,0.5086032,-0.8265761,0.8222467,-0.6718172,0.9629652,-0.1194334,-0.7820642,0.4907163,-0.3448627,0.5059378,-0.3292939,1.033388,-1.640603,1.872765,-1.435743,-1.057078,-1.934779,-0.5427811,-1.95241,0.1894776,-0.03193006,0.3385806,-0.1739255,-0.1821451,-0.2233155,-0.1598396,0.03552848,1.212563
Juno,2007,Drama,,143495265,7500000,9.5229861,3.39547225012217,0.6304926,-0.4936022,-0.1788178,-0.7042641,-0.2192142,-0.9230971,-0.1005342,0.6921622,-0.9442871,-0.4521252,0.03592612,-0.9019073,-0.5416197,-0.8382957,-0.4241887,0.1232219,-1.086398,-0.5870194,-0.4696448,-1.400445,-0.2323613,1.693647,-2.360384,0.07533681,-1.395217,-0.5098887,-0.03203382,0.4322198,-1.35868,0.3886626,-1.213913,-0.5062539,-0.3910924,-1.043293,0.2591169,-0.4990492,-1.100417,0.2093861,-0.444924,-1.060457,-0.1087191,-0.02208786,-0.9236222,-0.05048706
Lake Placid,1999,Thriller,,31770413,27000000,-0.35282492037037,-0.627772039015241,0.1082116,0.4577637,1.7103,-3.266567,0.3313855,0.7419814,-0.3937295,-0.9296667,0.2130027,-0.6640991,0.01700652,-0.496797,-0.1142277,0.1733641,-0.223696,-0.1375361,1.294361,-0.3761932,0.4070187,0.04554532,1.01982,0.02573025,0.4457838,-0.8415915,0.3395434,0.3268012,-0.01174014,0.1964388,0.4185586,-0.1434398,-0.1041516,0.5314218,0.7016524,-0.9430917,0.31168,0.3375939,0.5265072,0.5275276,0.356177,0.4886776,0.7421072,-0.02129423,-0.3088578,0.2355697
Land of the Dead,2005,Horror,,20700082,15000000,-0.240996993333333,-0.397822494234107,-0.4204308,0.382582,0.8709149,0.4686053,0.3036276,-0.02665736,0.3714255,0.4263813,0.7155682,-0.1207302,0.3791109,0.946822,-0.105213,0.9431835,0.608477,-0.2412461,1.885749,-0.5227716,0.8457605,0.7631713,-0.175481,0.8622486,-0.2233722,0.329518,0.698782,0.3385121,0.9002699,0.7197121,0.7534898,-0.01222263,0.4350523,1.032265,0.8284511,-0.1225628,0.5249192,0.3138252,0.09199952,0.0625662,0.09839561,0.4823861,0.3361233,-0.1710319,-0.3873649,1.246458
Legally Blonde,2001,Comedy,,96520674,18000000,1.94924281666667,1.5603446070655,0.1048658,0.3235294,0.2155125,0.1810797,0.002424971,0.3189611,0.3828463,-0.1735309,0.1931886,0.2365922,0.1422201,0.3009496,0.08444985,0.09754902,0.121183,0.03211238,0.1397433,-0.0809317,0.3522184,0.05451325,0.006179847,0.1072547,0.3172187,-0.2086838,0.5578881,-0.4603923,0.2418687,0.03503666,0.2239465,-0.1763924,0.2107252,-1.483808,0.6514889,-1.605005,0.7190144,-3.538458,2.018742,-1.823629,0.6893181,-0.3472785,0.2043802,0.01271278,-1.051958,0.7323302
Little Nicky,2000,Comedy,,39442871,80000000,-0.728830261875,-1.88273190864393,-0.03098584,-0.02032851,-1.019463,-0.01849282,0.1271588,-0.4378258,0.1336286,-0.0472166,-0.008645138,-0.4487658,0.2467888,-0.4777213,0.7352204,-0.2318877,0.01732752,-0.559245,-0.1379156,-0.3548743,-0.3692383,0.08259662,0.6842003,-0.2348993,0.2719304,-0.09000923,-0.1341907,-0.4452222,-0.006658071,-0.5686273,-0.4040351,0.03619334,1.07096,-0.09263735,-0.425281,1.039169,-1.341727,0.4017775,-0.8847001,0.3211165,0.4429179,-0.3618196,-0.8403327,0.6292873,2.847849,-1.251921
Lord of Illusions,1995,Horror,,13249614,11500000,-0.366322808695652,-0.658180007056896,0.3147011,-0.1117173,-0.5577855,0.6398546,-0.4607226,0.5951673,-0.087457,0.6348366,-0.38131,-0.1332574,-0.1400387,-0.2997613,0.9565999,-0.5873326,-0.428684,-0.8279257,0.3207545,-0.2845576,-1.167661,-0.7619321,-0.4584524,-0.211391,-0.6083651,-1.07466,-0.607022,-0.1046702,-0.6192054,-0.1217915,-0.08000862,-0.07839943,0.1864832,-0.735833,0.5464696,-0.8794348,0.6737225,0.307607,0.1575039,-0.1249417,-0.02319063,0.004992823,-0.02428278,-0.1059666,0.4126638,-0.2404474
Lord of the Rings: The Fellowship of the Ring,2001,Action,,315544750,93000000,0.866124865591398,0.900045522600452,0.4912275,-1.726315,-1.791247,0.2518701,-0.7756645,-0.3305264,-0.4027573,-0.7066918,-0.5993253,-0.2315154,-1.061437,-0.3372065,-0.4204253,-0.4860063,-0.9558594,0.5000811,-0.2813103,0.05053596,-0.2087489,0.520006,-1.089211,0.281048,-0.2217508,-0.1243993,0.7511715,-1.489765,0.7283713,-2.218354,0.504776,-1.316052,0.1982497,-1.126971,-0.3062303,-0.4876149,-0.5681745,-0.3671623,-0.5680809,-0.3885493,-0.9544536,-0.6850332,-0.1905385,-0.6882039,0.08141247,-0.7289716
Magnolia,1999,Drama,,22450975,37000000,-0.66626929054054,-1.58324364736505,-0.4675245,-0.5643738,-0.6128296,-0.06998073,-0.4412533,-0.1340771,0.4560271,-0.3361675,0.3135677,0.06588149,1.090729,0.2943811,-0.05363741,0.5483307,-0.3934757,0.2912008,0.5686919,-0.3028259,0.1521971,0.7557121,-0.240759,0.2930896,0.7443499,-0.441481,0.9731432,0.4646152,-0.1814119,0.3544746,-0.1240876,0.3245376,0.3461006,0.7040643,-0.1332733,0.4070385,0.246903,0.3526248,0.1772708,0.4329897,-0.3624927,-0.3550847,-0.2550216,0.6198186,-0.8033448,1.115113
Manchurian Candidate,2004,Thriller,,65955630,80000000,-0.54655504375,-1.14100066246838,-0.2019018,0.01455954,0.08692735,0.07785747,-0.03914832,0.1195367,0.09759451,-0.06767596,0.1195375,-0.1997506,2.380337,-0.5451337,0.4225162,-0.3777652,0.1528046,-0.1177589,0.1455004,-0.4911993,0.6293437,-0.4719129,0.6717522,-0.1606627,1.007948,0.2083464,-0.103099,0.1798598,-0.2061474,-0.03875913,0.1086285,-0.01855304,-0.2921302,-0.03884549,0.4079347,-0.21441,0.01099155,-0.1352875,0.134596,-0.3386829,0.1430525,-0.4122087,-0.1779205,0.01204396,-0.3464949,-0.05796237
ManOnFire,2004,Thriller,,77906816,60000000,-0.285854186666667,-0.485709423020247,0.2933254,-0.4855494,0.2805951,-0.2039773,-0.4470942,0.3538393,-0.4983726,-0.5734452,-0.8548418,-0.3432139,-0.2011446,-0.8319861,-0.2102903,-0.6063799,-0.8516336,-0.5194905,-0.9121789,-0.6277351,-0.6899735,-0.3724682,-1.057905,-0.4170684,-0.5906158,-0.7768232,-0.2027984,0.544115,0.000500686,1.041713,-1.23133,0.3727384,-1.539512,0.9497021,0.1299628,-0.1109803,-0.3982206,-0.4340811,-0.003780564,0.09371796,0.1371102,-0.7883768,0.2573668,-0.0979008,-0.08909057,-0.4862765
"Matrix Reloaded, The",2003,Action,,281576461,150000000,0.032447023666667,0.046067756798054,0.2596386,0.0004354172,-0.1512142,0.4323091,-0.1261103,-0.05672468,-0.5774021,0.1216898,-0.3559691,-0.05343195,-0.6185348,0.1707104,-0.05554826,-0.3401841,-0.3969284,-1.011011,0.3521498,-0.9785524,-0.5158318,0.4470741,-0.224608,0.4689134,0.7508885,-0.7009681,-0.03141965,-0.7097266,0.2135651,-0.5066645,0.27706,-0.2326088,0.1458191,-0.20751,0.913463,-0.4435456,-0.05749379,-0.781863,-0.1139202,-0.1681741,0.1179891,0.212772,-0.2037766,-0.2831759,-1.338107,-0.7856393
Men in Black,1997,Action,,250690539,90000000,0.531997738333334,0.615414167434089,-0.1921276,-0.1760599,0.3687641,-0.03730525,0.4481202,-0.3565867,1.627582,0.6188873,-0.5776519,0.6433968,0.07962914,0.331769,-0.147382,0.6629998,0.2859878,-0.03480594,0.3730185,-0.07936344,0.08473906,-0.3997804,-0.01933338,0.1261704,-0.002476641,-0.3056755,0.3459603,-0.02987978,0.03520216,0.01215501,0.1739137,0.1680208,-0.3958302,0.4299426,-0.3544658,0.01235853,0.08185066,-0.2856941,0.3842145,-0.6113131,0.1854359,-0.09373769,0.1727513,0.2326381,-0.1332135,0.1483804
Mission Impossible,1996,Action,,180981886,80000000,0.24425046625,0.315276927626897,-0.4771388,0.8132888,0.359049,0.6113974,1.346473,0.9685469,1.490584,1.277316,1.082866,1.825425,0.02007301,1.04909,0.9218351,1.1397,0.9745748,1.020991,0.3120836,1.32761,-0.3313849,1.007672,0.1497828,-0.05330651,0.8785765,0.1725046,0.8691789,0.4617914,1.319003,0.7376293,1.041262,0.4905872,0.6044128,1.012307,0.1001139,0.9025294,0.1400389,0.7089781,-0.3276666,1.040352,0.2458375,0.4740285,0.4799486,0.8069928,0.9085804,0.1404174
Monkeybone,2001,Comedy,,5409517,75000000,-0.960330208666667,-4.65581538097711,-0.2420174,0.1654468,0.2125325,-0.02528644,0.2098954,0.2394508,0.1830998,0.2010803,1.116889,-0.8492076,0.015068,0.4054018,0.3151171,-0.1013019,0.3415855,-0.2969307,1.375685,-0.2137218,1.06807,0.5319853,0.7133611,0.8321997,-0.1864192,1.320184,-0.4280116,0.9261998,-0.6047889,0.007052848,0.1663073,-0.2455588,-0.1799827,-0.345211,0.5703902,-0.8016894,-0.3813897,0.3060617,0.1544797,-0.3009758,0.5711686,-0.1835221,-0.2455625,0.1386731,-0.2828133,0.02004322
"Mummy, The",1999,Action,,155385488,80000000,0.06827523,0.095283390284692,0.1481399,-1.214065,-0.5002237,-1.048865,-0.7753368,0.1252838,-0.3482865,0.8982024,-0.353195,0.5544633,-0.4778172,0.245889,-0.1366441,0.252023,-0.2859683,0.06524412,-0.240125,0.2654337,0.2399586,-0.4302274,0.2330465,-0.6461056,0.2805495,-0.6032309,0.1212234,-0.4758197,0.4481995,-0.5557368,0.333026,-0.2274617,-0.4640946,0.1396882,-0.5824424,-0.3285062,-0.003420345,0.1072712,-0.6748413,0.1997382,-0.7097668,-0.1092013,-0.8729606,-0.4115753,-0.1146239,-0.5502364
Never Been Kissed,1999,Comedy,,55474756,25000000,0.220444632,0.287406845753284,-0.2472103,0.2569404,0.4347948,0.1634376,0.4252052,0.2137225,0.2101187,0.1821075,0.2871371,0.1787657,0.3596805,0.2220007,0.2118188,0.3916225,0.1820407,0.6203745,-4.469504,1.561729,-0.3518911,-0.9847744,-3.250234,1.978797,-0.6508398,0.5013181,0.4376124,-0.1034977,0.3446665,0.2228912,0.2927179,-0.0116626,1.037198,-1.359752,1.504244,-1.762902,0.8501678,-0.0280152,0.430197,0.2131863,0.3576981,0.2566512,0.1105097,0.2076088,0.00122199,0.5525128
New York Minute,2004,Comedy,,14018364,40000000,-0.807247495,-2.37517848544695,0.1551318,-0.5526548,-0.3917909,-0.05456449,0.2680363,-0.5615287,0.1870954,-0.1181536,-0.6354476,0.3922366,-0.8535933,0.001020962,0.06400969,-0.0557124,-0.1293975,-0.700923,-0.7087073,-0.4534871,-0.9725661,-0.074064,-1.038224,-0.576298,-0.06822319,-0.2170838,-0.8920513,0.2287348,-0.9423781,-0.1558552,-0.2599392,-0.7951281,0.5832651,-1.549116,0.1819104,-0.8787675,-0.9020389,-0.5781729,-0.7536224,-0.4952427,0.3528541,-0.2497897,0.2771981,0.3469783,0.01307407,0.1160032
Ocean's Eleven,2001,Thriller,,183417150,85000000,0.186816852941177,0.247097318518306,0.5539752,0.2069626,-1.29542,0.5696812,-0.7835697,-0.3366452,-0.980793,-0.0291078,-0.50689,-0.9629281,-0.4050255,-1.022867,-1.337396,-0.2015923,-0.06167515,-0.82874,-0.5553738,0.1257117,-1.087048,-0.1925618,-1.312697,-0.3075705,-0.5215279,-1.773621,-0.1236765,-0.8672204,-0.5266294,-1.040406,-1.042713,-0.4480803,-0.6766382,-0.6833188,-1.068974,-0.4791807,-0.9825412,-0.5765032,-0.5943772,-0.9861208,-1.784838,-0.908384,-1.702152,-0.1398542,-0.3227618,-0.7236346
"Pacifier, The",2005,Comedy,,113006880,56000000,0.109889,0.150415399857336,-0.3196439,0.2666793,0.8169191,-0.3854531,1.092528,-0.04989523,0.3631596,-0.01775938,0.1994201,-0.06042455,-0.06877765,0.6016185,0.1737873,0.4145427,0.1119552,0.246215,0.3514434,0.7907957,-0.5826747,1.170025,0.4092509,0.2028353,1.274086,-0.03671511,3.375476,-1.445313,2.235339,-0.6423506,1.169783,-0.2262964,0.6289678,0.0002658791,0.5403458,0.1244348,0.270316,0.6277677,1.005952,1.342897,1.371814,0.8833019,-0.3823898,0.7741253,-0.693961,0.4712164
"Pianist, The",2002,Drama,,32519322,35000000,-0.488982082857143,-0.968554219536623,-0.1389617,0.4521448,1.281714,-1.71237,1.302756,-1.842166,1.411713,-1.523423,2.397912,-1.785731,2.176684,-0.9837932,0.8866931,-0.1769552,0.08072078,0.2807751,-0.3841966,0.4417946,0.646464,-0.3777319,0.6607737,0.7338832,0.7729765,0.005306085,0.6621646,0.5268113,0.1421199,0.8133839,0.7441028,0.4057761,0.7663817,-0.1714131,1.295433,0.02063486,0.9093248,0.01524943,0.5173552,0.7750458,0.6913357,0.430194,0.7966862,-0.007186686,-1.05386,4.427772
"Postman, The",1997,Action,,17650704,80000000,-0.87865141,-3.04277074957776,0.2634979,-0.2054393,-0.1440905,-0.2468183,-0.2204353,-0.6810952,-0.4768512,-0.5073065,-0.4878526,0.2301675,-0.09783581,-0.1687791,0.07019976,-0.2139652,-0.799096,-0.09814987,-0.5387179,-0.1714672,-0.1628334,0.3416638,-0.1062814,-0.09062021,0.9340117,-0.3190543,0.1248357,-0.2476713,-0.603537,-0.1392481,0.1211702,-0.7990317,-0.5841643,-0.2471118,-0.7576131,0.1225312,-0.7038473,-0.4232444,0.148966,-0.7543274,0.2343399,0.01308985,0.02988335,-0.5657802,-1.498698,0.2167272
Rambling Rose,1991,Drama,,6266621,7500000,-0.540447793333333,-1.12169932908419,-0.0766139,-0.04624717,-0.3470667,0.4459294,-0.2982484,-0.1114371,0.2637306,-0.3562514,-0.7320223,-0.7086136,0.1511996,-1.110119,0.2771822,-0.4630276,-0.3958095,0.08215891,-0.02524924,-0.4240912,-1.067305,-0.2851705,-0.6370791,-0.0352107,-0.2263193,0.01228818,-0.7933109,-1.035069,0.5176014,-0.3810181,-0.0830403,-0.9516887,-1.080558,0.09385272,-0.00233365,0.1847091,-0.8434784,-0.5596882,-0.1805271,0.1974188,-0.140462,0.5269126,-1.382135,1.317512,-2.523874,1.484432
Robin Hood Prince of Thieves,1991,Action,,165493908,50000000,0.820432988,0.864281634680003,-0.4436014,0.4269043,0.5690231,0.4330213,0.858232,1.060453,0.1256139,1.02926,0.7036911,0.8742601,1.218711,-0.9142407,1.206472,0.6138402,0.5513622,0.09253536,0.2762398,-0.340472,1.568459,0.476332,0.8291322,0.7072723,1.032212,0.3809868,0.8200388,-0.3861781,-0.1882125,0.8936122,-0.905131,0.6484555,0.9703947,0.1818915,-0.2630612,0.6726464,-0.3753067,0.2046323,2.086685,-0.6747193,1.501806,-0.740083,0.007637373,0.9147886,1.078269,0.3860899
Rush Hour 2,2001,Comedy,,226164286,90000000,0.382115081111111,0.466877745998265,-0.1262668,0.6818807,1.606881,-1.563235,0.5925705,0.06623221,0.8970016,-0.8893798,-0.03969727,0.7002866,-1.004795,-0.05316301,0.3968203,-0.6163834,0.260227,0.1099353,0.3663519,0.0965329,0.6133989,1.032616,-0.9738953,1.649754,0.1960575,0.2212278,0.1768546,0.1083556,-0.2594443,0.972318,0.7210184,0.8943235,0.4447907,0.5988264,-0.2653108,0.9077231,-0.4690373,0.9919107,0.3476558,0.323028,1.02199,0.8860176,0.5208915,-0.08730051,0.8115801,0.6712562
Sense and Sensibility,1995,Drama,,42993774,16500000,0.4331258,0.519165255148039,0.7817543,-0.5457399,0.5435894,-0.0002073445,-1.10535,0.2949829,-1.573959,-0.8181863,-0.7941108,-1.745544,0.7472369,-0.967968,0.03575111,-0.160307,-0.80575,-0.8269953,0.226302,-1.214913,-0.3379482,-1.219326,0.3447278,-2.68725,2.163462,0.148496,-1.471173,-0.3637211,-0.6706523,-0.8027419,-0.5764353,-0.4577177,-0.6277506,-0.9638819,-0.7364519,-0.7010508,-0.4187576,-0.9055155,-0.2162103,-1.321171,0.7161566,-1.816285,0.3880822,-0.7851842,-0.8515874,-1.258574
Shawshank Redemption,1994,Drama,,28341469,25000000,-0.376487682,-0.681510032920675,0.1503702,0.3107698,0.3893625,-0.6915498,0.4392682,0.1666829,-0.3814142,0.2644134,0.115829,-0.005397146,-0.2166611,-0.1669445,0.8691913,-0.8245422,0.4029032,-0.4894623,0.8535398,-0.5801234,0.02082765,0.02437724,0.4279828,-0.3933592,0.3576589,-0.5260813,0.4638477,-0.5141252,-0.2509438,0.2217311,-0.6182735,0.4370657,-0.447702,0.7844062,-0.3736002,0.5153862,0.08566414,0.7189667,0.1548326,0.1330941,-0.1203228,-0.04133928,0.2521399,-0.2168679,0.2744864,0.327601
Silence of the Lambs,1991,Thriller,,130726716,20000000,2.59498469,1.84598562665675,0.07753564,0.4275403,0.01563085,-1.148554,0.4279256,-0.3319356,0.1671798,-0.1718375,0.2307298,0.1421541,-0.4353574,-0.1392919,-0.01299228,-0.4695168,0.07476004,-0.600325,0.09113663,-0.384935,-0.4673266,0.702215,0.01844153,0.2802747,-0.2930239,2.110545,0.147263,1.870923,-0.6837265,1.031172,-0.3189963,-0.4103432,0.5306209,-0.4906423,-0.2872568,0.833111,0.2448546,0.2697721,0.1568637,0.5590219,0.03056498,0.1906887,0.1805168,0.3452102,-0.6819201,0.7723845
Soldier,1998,Action,,14623082,75000000,-0.892764065333333,-3.22113966224286,0.263219,-0.4224812,-0.3243871,-0.1556566,-0.63503,-0.1562531,-0.8845257,-0.5818063,-0.6392581,-0.3355341,-0.4413492,-0.07346315,-0.02334307,0.06982023,-0.2454006,-0.2320074,0.3493254,0.4422805,-1.080525,0.000368814,-0.5576222,0.2710223,-0.6523328,0.02490086,-0.6522531,0.2651091,-0.4265127,-0.133468,-0.3900087,-0.7156066,-0.5479661,-0.4812095,-0.5181672,-0.3295396,0.06915602,-0.8166497,-0.05910515,-0.1557309,-0.2800228,0.4578639,-0.3791897,-0.6042618,-0.7536293,-0.5657374
Spanglish,2004,Comedy,,42044321,75000000,-0.691674979333333,-1.69747612556219,-0.8415426,0.6545399,0.3533912,-0.06561246,-0.2749241,0.2861294,-0.8694316,0.5471256,0.3841142,0.5501882,1.487124,0.8041585,0.9048886,1.120598,0.155688,0.286726,1.278522,1.15823,0.4610505,1.22306,0.7711892,0.1924054,0.7602264,1.02489,0.8127792,1.016008,0.7733171,0.9882617,0.3395957,0.3250542,1.480721,-0.2445702,1.65584,0.3223903,0.4584034,0.7899411,1.4871,0.5787455,0.9298636,0.8288725,0.6748598,0.8661257,0.7221243,0.6306651
Sphere,1998,Horror,,37068294,73000000,-0.720718332876712,-1.84020722094149,0.2623531,0.06030555,0.1009618,-0.1753216,-0.8543632,0.2764837,0.2570676,-0.1879969,-0.3521671,-0.7993202,-0.3987095,-0.382753,-0.5820258,0.1353352,-0.6467252,-0.01373522,-0.1853637,-0.6384698,0.8681975,-0.541824,-0.06697522,-1.110174,0.149335,-0.4322784,0.09815885,0.999213,-0.9871116,0.973719,-0.1185885,-0.005706535,0.1930667,-0.4068679,-0.2726132,0.4936373,-0.7055625,0.7623688,-0.05939102,0.2484731,0.6798133,-0.270786,0.3909416,-0.157391,-0.3465037,-0.3518851
Suspect Zero,2004,Thriller,,8712564,27000000,-0.822521844444444,-2.49428662976894,0.01225347,-0.1171019,1.03921,-0.9509505,0.281187,0.1501236,-0.3116243,-0.1664964,-0.03592623,0.06186177,-0.4672736,0.03458114,0.1259558,-1.01127,0.7799455,-0.4226002,-0.1945528,0.1035611,-0.06610848,-0.4367897,0.1589537,-0.05206984,0.05134822,-0.2388478,0.224373,0.7761661,-0.4631769,0.1118744,0.227684,-0.0261504,0.3989336,0.4082648,-0.375773,-0.9063505,0.232068,0.3887907,0.5457858,-0.1333051,0.6174201,-0.2856896,0.3204196,0.3955966,0.1290466,0.1174996
Swordfish,2001,Thriller,,69772969,102000000,-0.623773206372549,-1.41032549840005,0.03675851,0.05246092,-0.466253,0.5347817,0.1089419,-0.1219234,2.18538,-1.293182,1.025264,-0.2737055,-1.083933,0.8587542,0.3465882,-0.00474515,1.031121,0.05759986,1.686394,-1.045458,0.2820255,-0.6974217,0.4927773,-0.3697759,-0.4634448,-0.3080766,0.2232009,0.9223096,-0.3451779,-0.235627,-0.08409824,-0.2019352,-0.1463651,0.01852338,0.4995375,-0.8531971,1.004999,-0.8639542,1.160329,-0.4112046,0.02928885,0.3628804,-0.007103576,0.1407221,1.220622,0.5113824
Taking Lives,2004,Thriller,,32682342,45000000,-0.600549153333333,-1.32391010771179,-0.6364415,1.335941,2.976091,2.096864,-0.241239,0.3734175,0.467316,0.1338462,0.770285,0.5941661,-0.02470827,0.4601543,0.4882133,0.5536001,0.4826497,0.2160536,0.5928093,-0.02861194,0.7728557,0.672742,0.5999145,0.8364245,0.8843343,-0.1604329,-0.3315963,-0.0140428,1.060946,-0.2405104,0.7375933,0.7459037,-0.2952478,0.1340931,0.9413753,0.9004651,0.2439138,0.1819423,0.626164,0.219796,0.653127,0.617396,0.4603621,0.08086271,-0.6110665,0.4942368
Three Kings,1999,Action,,60652036,48000000,-0.305028754166667,-0.524974806766073,-0.08939028,0.09161962,0.3810053,-0.1419668,1.036446,0.7377516,-0.3254811,-0.6353826,1.215065,0.4602899,-0.5340671,0.2120109,-0.09131877,-0.3506058,-0.002133198,-0.4767997,-0.1503502,-0.5339191,0.6660036,-1.062946,1.843215,-0.2828873,0.1834698,-0.208623,-0.09798477,-0.1779005,-0.186491,-0.3142414,-0.5913243,-0.01346724,-0.7166038,0.1519684,-0.5218812,0.1260572,-0.2222877,-0.3124255,-0.1133374,-0.364806,0.4910748,-0.3663272,1.17709,-0.3437285,-0.3355999,0.6452901
Titanic,1997,Drama,,600788188,200000000,0.652167517,0.724359972285636,0.07992031,0.07068418,-0.1439377,-0.4673429,-0.4122349,-0.4843621,0.9108685,-0.05993678,0.1235253,-0.3138675,-0.4493693,-0.1559922,-0.4070428,0.1049767,-0.9794082,0.5408022,-0.8662338,0.153666,0.0652146,0.02195251,0.2104426,0.06520508,0.1615494,-0.04048716,0.2362609,-0.4348483,0.6044593,-0.1468554,0.04077084,-0.18238,0.4676376,-0.2233155,0.6078418,-0.1065964,0.459664,0.3559325,0.2830389,0.5155386,0.3678783,0.4939958,-0.5096262,0.443223,-0.2218498,-0.1418559
Tomorrow Never Dies,1997,Action,,125304276,110000000,-0.37347862,-0.674564352628846,-0.02530023,-0.3190227,-0.5191992,0.1874739,-0.2558472,-0.4373706,1.405794,0.2459622,-0.14933,0.2807998,-0.4267999,-0.03711509,-0.3281766,-0.1046301,-1.296893,0.9339041,-1.182383,0.7496395,-0.1796643,-0.03275515,0.1280176,0.6483373,-0.8805914,0.6141582,0.2485415,-0.2518893,0.1350838,0.5844707,-0.7618947,0.1844087,-0.602774,-0.2087462,-0.1772236,-0.1868965,-0.7125093,0.1319808,-0.2445603,-0.4312671,-0.2309591,-0.2147601,-0.2032657,-0.3963371,-1.016182,-0.4833442